ENSG00000134086	VHL	TCGA-THYM	63
ENSG00000213281	NRAS	TCGA-THYM	60
ENSG00000173674	EIF1AX	TCGA-THCA	26
ENSG00000118058	KMT2A	TCGA-THCA	26
ENSG00000116731	PRDM2	TCGA-KIRP	26
ENSG00000105976	MET	TCGA-KIRP	25
ENSG00000128513	POT1	TCGA-LGG	24
ENSG00000138413	IDH1	TCGA-LGG	23
ENSG00000133703	KRAS	TCGA-OV	23
ENSG00000133703	KRAS	TCGA-KIRP	23
ENSG00000116044	NFE2L2	TCGA-KIRP	23
ENSG00000182901	RGS7	TCGA-LUAD	22
ENSG00000055609	KMT2C	TCGA-PCPG	22
ENSG00000257923	CUX1	TCGA-THCA	21
ENSG00000129514	FOXA1	TCGA-BRCA	21
ENSG00000121067	SPOP	TCGA-UCEC	21
ENSG00000117713	ARID1A	TCGA-LGG	21
ENSG00000197888	UGT2B17	TCGA-OV	20
ENSG00000171862	PTEN	TCGA-HNSC	20
ENSG00000168702	LRP1B	TCGA-OV	20
ENSG00000163930	BAP1	TCGA-SKCM	20
ENSG00000141510	TP53	TCGA-HNSC	20
ENSG00000139263	LRIG3	TCGA-LUAD	20
ENSG00000136352	NKX2-1	TCGA-LGG	20
ENSG00000083857	FAT1	TCGA-OV	20
ENSG00000196159	FAT4	TCGA-SKCM	19
ENSG00000149311	ATM	TCGA-KIRC	19
ENSG00000121879	PIK3CA	TCGA-UCEC	19
ENSG00000100320	RBFOX2	TCGA-THCA	19
ENSG00000213281	NRAS	TCGA-THCA	18
ENSG00000206503	HLA-A	TCGA-LUSC	18
ENSG00000196712	NF1	TCGA-OV	18
ENSG00000196159	FAT4	TCGA-COAD	18
ENSG00000164190	NIPBL	TCGA-LGG	18
ENSG00000152217	SETBP1	TCGA-PCPG	18
ENSG00000152217	SETBP1	TCGA-KIRC	18
ENSG00000141510	TP53	TCGA-LIHC	18
ENSG00000134250	NOTCH2	TCGA-BRCA	18
ENSG00000133895	MEN1	TCGA-BRCA	18
ENSG00000107779	BMPR1A	TCGA-COAD	18
ENSG00000065559	MAP2K4	TCGA-BRCA	18
ENSG00000198793	MTOR	TCGA-SARC	17
ENSG00000183765	CHEK2	TCGA-THCA	17
ENSG00000183337	BCOR	TCGA-COAD	17
ENSG00000169402	RSPH10B2	TCGA-LGG	17
ENSG00000167258	CDK12	TCGA-OV	17
ENSG00000165731	RET	TCGA-PCPG	17
ENSG00000163930	BAP1	TCGA-KIRC	17
ENSG00000157764	BRAF	TCGA-LGG	17
ENSG00000141510	TP53	TCGA-KICH	17
ENSG00000139687	RB1	TCGA-OV	17
ENSG00000134086	VHL	TCGA-KIRC	17
ENSG00000116044	NFE2L2	TCGA-HNSC	17
ENSG00000196159	FAT4	TCGA-LUAD	16
ENSG00000183454	GRIN2A	TCGA-BRCA	16
ENSG00000181555	SETD2	TCGA-KIRC	16
ENSG00000165323	FAT3	TCGA-BRCA	16
ENSG00000145675	PIK3R1	TCGA-UCEC	16
ENSG00000138336	TET1	TCGA-KIRP	16
ENSG00000134853	PDGFRA	TCGA-LGG	16
ENSG00000129993	CBFA2T3	TCGA-CESC	16
ENSG00000099994	SUSD2	TCGA-LUSC	16
ENSG00000070756	PABPC1	TCGA-THCA	16
ENSG00000055609	KMT2C	TCGA-OV	16
ENSG00000198793	MTOR	TCGA-BRCA	15
ENSG00000187514	PTMA	TCGA-TGCT	15
ENSG00000182872	RBM10	TCGA-LUAD	15
ENSG00000180611	MB21D2	TCGA-LUAD	15
ENSG00000173575	CHD2	TCGA-SARC	15
ENSG00000149311	ATM	TCGA-LUAD	15
ENSG00000142208	AKT1	TCGA-THCA	15
ENSG00000135333	EPHA7	TCGA-THCA	15
ENSG00000133703	KRAS	TCGA-UCEC	15
ENSG00000125952	MAX	TCGA-LGG	15
ENSG00000121879	PIK3CA	TCGA-TGCT	15
ENSG00000121879	PIK3CA	TCGA-KIRP	15
ENSG00000117713	ARID1A	TCGA-OV	15
ENSG00000102145	GATA1	TCGA-BRCA	15
ENSG00000101972	STAG2	TCGA-KIRP	15
ENSG00000095015	MAP3K1	TCGA-THCA	15
ENSG00000087460	GNAS	TCGA-COAD	15
ENSG00000084676	NCOA1	TCGA-BRCA	15
ENSG00000213281	NRAS	TCGA-LGG	14
ENSG00000196712	NF1	TCGA-LUAD	14
ENSG00000196159	FAT4	TCGA-BRCA	14
ENSG00000189079	ARID2	TCGA-LUAD	14
ENSG00000186575	NF2	TCGA-OV	14
ENSG00000185958	FAM186A	TCGA-THCA	14
ENSG00000184634	MED12	TCGA-LGG	14
ENSG00000181690	PLAG1	TCGA-BRCA	14
ENSG00000171456	ASXL1	TCGA-BRCA	14
ENSG00000164330	EBF1	TCGA-LUSC	14
ENSG00000163939	PBRM1	TCGA-LUAD	14
ENSG00000147889	CDKN2A	TCGA-SARC	14
ENSG00000147050	KDM6A	TCGA-BRCA	14
ENSG00000142798	HSPG2	TCGA-COAD	14
ENSG00000142208	AKT1	TCGA-CESC	14
ENSG00000141510	TP53	TCGA-LGG	14
ENSG00000140396	NCOA2	TCGA-LUAD	14
ENSG00000139687	RB1	TCGA-LUAD	14
ENSG00000135333	EPHA7	TCGA-LUAD	14
ENSG00000133703	KRAS	TCGA-TGCT	14
ENSG00000131941	RHPN2	TCGA-THCA	14
ENSG00000126883	NUP214	TCGA-KIRP	14
ENSG00000125952	MAX	TCGA-BRCA	14
ENSG00000121879	PIK3CA	TCGA-LUAD	14
ENSG00000121879	PIK3CA	TCGA-HNSC	14
ENSG00000118058	KMT2A	TCGA-OV	14
ENSG00000118046	STK11	TCGA-LUAD	14
ENSG00000117713	ARID1A	TCGA-KIRC	14
ENSG00000115524	SF3B1	TCGA-KIRC	14
ENSG00000109670	FBXW7	TCGA-STAD	14
ENSG00000096968	JAK2	TCGA-BRCA	14
ENSG00000083168	KAT6A	TCGA-PRAD	14
ENSG00000082898	XPO1	TCGA-PRAD	14
ENSG00000064012	CASP8	TCGA-STAD	14
ENSG00000040731	CDH10	TCGA-LUAD	14
ENSG00000213281	NRAS	TCGA-OV	13
ENSG00000198625	MDM4	TCGA-BRCA	13
ENSG00000198400	NTRK1	TCGA-BRCA	13
ENSG00000197535	MYO5A	TCGA-BRCA	13
ENSG00000179295	PTPN11	TCGA-LGG	13
ENSG00000173821	RNF213	TCGA-UCEC	13
ENSG00000171862	PTEN	TCGA-LUSC	13
ENSG00000171456	ASXL1	TCGA-HNSC	13
ENSG00000167548	KMT2D	TCGA-BRCA	13
ENSG00000153707	PTPRD	TCGA-SKCM	13
ENSG00000147889	CDKN2A	TCGA-KIRC	13
ENSG00000146648	EGFR	TCGA-LUAD	13
ENSG00000144476	ACKR3	TCGA-OV	13
ENSG00000141510	TP53	TCGA-OV	13
ENSG00000140396	NCOA2	TCGA-LUSC	13
ENSG00000139687	RB1	TCGA-SARC	13
ENSG00000138829	FBN2	TCGA-HNSC	13
ENSG00000138698	RAP1GDS1	TCGA-KIRC	13
ENSG00000131023	LATS1	TCGA-OV	13
ENSG00000129204	USP6	TCGA-BRCA	13
ENSG00000124693	HIST1H3B	TCGA-BRCA	13
ENSG00000124145	SDC4	TCGA-STAD	13
ENSG00000121879	PIK3CA	TCGA-KIRC	13
ENSG00000121879	PIK3CA	TCGA-BRCA	13
ENSG00000117713	ARID1A	TCGA-LUAD	13
ENSG00000115524	SF3B1	TCGA-BRCA	13
ENSG00000109670	FBXW7	TCGA-BRCA	13
ENSG00000085185	BCORL1	TCGA-SARC	13
ENSG00000083857	FAT1	TCGA-HNSC	13
ENSG00000077782	FGFR1	TCGA-PCPG	13
ENSG00000068078	FGFR3	TCGA-LUSC	13
ENSG00000067955	CBFB	TCGA-BRCA	13
ENSG00000062822	POLD1	TCGA-BRCA	13
ENSG00000046889	PREX2	TCGA-BRCA	13
ENSG00000044524	EPHA3	TCGA-BRCA	13
ENSG00000012048	BRCA1	TCGA-OV	13
ENSG00000213281	NRAS	TCGA-UCEC	12
ENSG00000213281	NRAS	TCGA-LUSC	12
ENSG00000198795	ZNF521	TCGA-LUSC	12
ENSG00000196998	WDR45	TCGA-BLCA	12
ENSG00000196498	NCOR2	TCGA-LIHC	12
ENSG00000183337	BCOR	TCGA-STAD	12
ENSG00000182054	IDH2	TCGA-LGG	12
ENSG00000181555	SETD2	TCGA-PRAD	12
ENSG00000181555	SETD2	TCGA-LUAD	12
ENSG00000171862	PTEN	TCGA-KIRC	12
ENSG00000171862	PTEN	TCGA-COAD	12
ENSG00000171456	ASXL1	TCGA-KIRC	12
ENSG00000169032	MAP2K1	TCGA-LUAD	12
ENSG00000168702	LRP1B	TCGA-TGCT	12
ENSG00000168702	LRP1B	TCGA-BRCA	12
ENSG00000149311	ATM	TCGA-THCA	12
ENSG00000148400	NOTCH1	TCGA-TGCT	12
ENSG00000147889	CDKN2A	TCGA-GBM	12
ENSG00000145675	PIK3R1	TCGA-LGG	12
ENSG00000141646	SMAD4	TCGA-BRCA	12
ENSG00000141510	TP53	TCGA-COAD	12
ENSG00000141027	NCOR1	TCGA-BRCA	12
ENSG00000140937	CDH11	TCGA-STAD	12
ENSG00000139718	SETD1B	TCGA-OV	12
ENSG00000138592	USP8	TCGA-LUSC	12
ENSG00000138336	TET1	TCGA-GBM	12
ENSG00000134371	CDC73	TCGA-LUAD	12
ENSG00000134250	NOTCH2	TCGA-BLCA	12
ENSG00000131023	LATS1	TCGA-COAD	12
ENSG00000129204	USP6	TCGA-THCA	12
ENSG00000128052	KDR	TCGA-LUAD	12
ENSG00000127329	PTPRB	TCGA-OV	12
ENSG00000124181	PLCG1	TCGA-LGG	12
ENSG00000119772	DNMT3A	TCGA-LGG	12
ENSG00000116016	EPAS1	TCGA-PCPG	12
ENSG00000115760	BIRC6	TCGA-PCPG	12
ENSG00000114861	FOXP1	TCGA-PRAD	12
ENSG00000111642	CHD4	TCGA-KICH	12
ENSG00000105976	MET	TCGA-LGG	12
ENSG00000105976	MET	TCGA-KIRC	12
ENSG00000105656	ELL	TCGA-OV	12
ENSG00000105568	PPP2R1A	TCGA-COAD	12
ENSG00000102974	CTCF	TCGA-HNSC	12
ENSG00000100345	MYH9	TCGA-BRCA	12
ENSG00000099949	LZTR1	TCGA-PRAD	12
ENSG00000085276	MECOM	TCGA-SKCM	12
ENSG00000079999	KEAP1	TCGA-KIRC	12
ENSG00000067560	RHOA	TCGA-HNSC	12
ENSG00000066468	FGFR2	TCGA-BRCA	12
ENSG00000055609	KMT2C	TCGA-THCA	12
ENSG00000055609	KMT2C	TCGA-KIRP	12
ENSG00000055609	KMT2C	TCGA-KIRC	12
ENSG00000037280	FLT4	TCGA-LUAD	12
ENSG00000213281	NRAS	TCGA-LUAD	11
ENSG00000213281	NRAS	TCGA-COAD	11
ENSG00000196914	ARHGEF12	TCGA-STAD	11
ENSG00000196712	NF1	TCGA-KIRC	11
ENSG00000196498	NCOR2	TCGA-PRAD	11
ENSG00000186716	BCR	TCGA-LUSC	11
ENSG00000186575	NF2	TCGA-KIRP	11
ENSG00000181722	ZBTB20	TCGA-LGG	11
ENSG00000181555	SETD2	TCGA-KIRP	11
ENSG00000180370	PAK2	TCGA-THCA	11
ENSG00000174775	HRAS	TCGA-THCA	11
ENSG00000174775	HRAS	TCGA-PRAD	11
ENSG00000174775	HRAS	TCGA-HNSC	11
ENSG00000171862	PTEN	TCGA-LGG	11
ENSG00000169032	MAP2K1	TCGA-SKCM	11
ENSG00000168702	LRP1B	TCGA-THCA	11
ENSG00000167548	KMT2D	TCGA-OV	11
ENSG00000167548	KMT2D	TCGA-KICH	11
ENSG00000165731	RET	TCGA-LUAD	11
ENSG00000163939	PBRM1	TCGA-KIRC	11
ENSG00000162775	RBM15	TCGA-HNSC	11
ENSG00000162434	JAK1	TCGA-OV	11
ENSG00000160201	U2AF1	TCGA-LUAD	11
ENSG00000159216	RUNX1	TCGA-BRCA	11
ENSG00000157764	BRAF	TCGA-BRCA	11
ENSG00000157404	KIT	TCGA-TGCT	11
ENSG00000149311	ATM	TCGA-BRCA	11
ENSG00000148400	NOTCH1	TCGA-OV	11
ENSG00000148400	NOTCH1	TCGA-LUSC	11
ENSG00000148400	NOTCH1	TCGA-CESC	11
ENSG00000146648	EGFR	TCGA-BRCA	11
ENSG00000145675	PIK3R1	TCGA-SARC	11
ENSG00000145675	PIK3R1	TCGA-HNSC	11
ENSG00000145675	PIK3R1	TCGA-BRCA	11
ENSG00000143322	ABL2	TCGA-THCA	11
ENSG00000141736	ERBB2	TCGA-KIRP	11
ENSG00000141736	ERBB2	TCGA-BRCA	11
ENSG00000141510	TP53	TCGA-THCA	11
ENSG00000141510	TP53	TCGA-LUAD	11
ENSG00000141510	TP53	TCGA-KIRC	11
ENSG00000139687	RB1	TCGA-LIHC	11
ENSG00000138413	IDH1	TCGA-SKCM	11
ENSG00000133703	KRAS	TCGA-PRAD	11
ENSG00000133392	MYH11	TCGA-LGG	11
ENSG00000130779	CLIP1	TCGA-LUAD	11
ENSG00000123572	NRK	TCGA-LUSC	11
ENSG00000123080	CDKN2C	TCGA-LGG	11
ENSG00000121879	PIK3CA	TCGA-SARC	11
ENSG00000119772	DNMT3A	TCGA-THCA	11
ENSG00000119772	DNMT3A	TCGA-KIRP	11
ENSG00000110092	CCND1	TCGA-UCEC	11
ENSG00000105568	PPP2R1A	TCGA-OV	11
ENSG00000100345	MYH9	TCGA-OV	11
ENSG00000091831	ESR1	TCGA-LUSC	11
ENSG00000087460	GNAS	TCGA-BRCA	11
ENSG00000066117	SMARCD1	TCGA-BRCA	11
ENSG00000055609	KMT2C	TCGA-BRCA	11
ENSG00000049618	ARID1B	TCGA-READ	11
ENSG00000040731	CDH10	TCGA-LUSC	11
ENSG00000012048	BRCA1	TCGA-BRCA	11
ENSG00000005339	CREBBP	TCGA-HNSC	11
ENSG00000272333	KMT2B	TCGA-SARC	10
ENSG00000234745	HLA-B	TCGA-HNSC	10
ENSG00000215301	DDX3X	TCGA-BRCA	10
ENSG00000198793	MTOR	TCGA-KIRC	10
ENSG00000185811	IKZF1	TCGA-SKCM	10
ENSG00000178568	ERBB4	TCGA-BRCA	10
ENSG00000175387	SMAD2	TCGA-BRCA	10
ENSG00000174775	HRAS	TCGA-PCPG	10
ENSG00000174775	HRAS	TCGA-BRCA	10
ENSG00000171862	PTEN	TCGA-BRCA	10
ENSG00000169032	MAP2K1	TCGA-COAD	10
ENSG00000168702	LRP1B	TCGA-PRAD	10
ENSG00000168685	IL7R	TCGA-LIHC	10
ENSG00000168036	CTNNB1	TCGA-PRAD	10
ENSG00000167548	KMT2D	TCGA-LIHC	10
ENSG00000165731	RET	TCGA-THCA	10
ENSG00000165323	FAT3	TCGA-LUSC	10
ENSG00000163629	PTPN13	TCGA-BRCA	10
ENSG00000160294	MCM3AP	TCGA-HNSC	10
ENSG00000160201	U2AF1	TCGA-UCEC	10
ENSG00000157764	BRAF	TCGA-UCEC	10
ENSG00000157764	BRAF	TCGA-THCA	10
ENSG00000157404	KIT	TCGA-LGG	10
ENSG00000157168	NRG1	TCGA-STAD	10
ENSG00000153201	RANBP2	TCGA-PCPG	10
ENSG00000153201	RANBP2	TCGA-KIRC	10
ENSG00000152207	CYSLTR2	TCGA-UVM	10
ENSG00000148737	TCF7L2	TCGA-UCEC	10
ENSG00000147889	CDKN2A	TCGA-LUAD	10
ENSG00000146648	EGFR	TCGA-LGG	10
ENSG00000144218	AFF3	TCGA-BRCA	10
ENSG00000141736	ERBB2	TCGA-STAD	10
ENSG00000141367	CLTC	TCGA-LIHC	10
ENSG00000141367	CLTC	TCGA-BRCA	10
ENSG00000139687	RB1	TCGA-SKCM	10
ENSG00000134982	APC	TCGA-SKCM	10
ENSG00000133703	KRAS	TCGA-THCA	10
ENSG00000133703	KRAS	TCGA-LUAD	10
ENSG00000132002	DNAJB1	TCGA-BLCA	10
ENSG00000131941	RHPN2	TCGA-BRCA	10
ENSG00000130779	CLIP1	TCGA-STAD	10
ENSG00000127616	SMARCA4	TCGA-KIRP	10
ENSG00000125952	MAX	TCGA-UCEC	10
ENSG00000123364	HOXC13	TCGA-BRCA	10
ENSG00000116128	BCL9	TCGA-STAD	10
ENSG00000113721	PDGFRB	TCGA-BRCA	10
ENSG00000102038	SMARCA1	TCGA-PRAD	10
ENSG00000097007	ABL1	TCGA-UCEC	10
ENSG00000091831	ESR1	TCGA-SARC	10
ENSG00000085832	EPS15	TCGA-PRAD	10
ENSG00000085224	ATRX	TCGA-SARC	10
ENSG00000079102	RUNX1T1	TCGA-LGG	10
ENSG00000049618	ARID1B	TCGA-BRCA	10
ENSG00000046889	PREX2	TCGA-PRAD	10
ENSG00000010671	BTK	TCGA-LUAD	10
ENSG00000257923	CUX1	TCGA-LUAD	9
ENSG00000213281	NRAS	TCGA-TGCT	9
ENSG00000198793	MTOR	TCGA-COAD	9
ENSG00000197993	KEL	TCGA-LGG	9
ENSG00000196712	NF1	TCGA-THCA	9
ENSG00000196712	NF1	TCGA-LUSC	9
ENSG00000196712	NF1	TCGA-BRCA	9
ENSG00000196159	FAT4	TCGA-GBM	9
ENSG00000186575	NF2	TCGA-CESC	9
ENSG00000184634	MED12	TCGA-GBM	9
ENSG00000184634	MED12	TCGA-CESC	9
ENSG00000179583	CIITA	TCGA-HNSC	9
ENSG00000173821	RNF213	TCGA-PRAD	9
ENSG00000173757	STAT5B	TCGA-OV	9
ENSG00000173039	RELA	TCGA-STAD	9
ENSG00000172493	AFF1	TCGA-SKCM	9
ENSG00000171862	PTEN	TCGA-UCEC	9
ENSG00000171862	PTEN	TCGA-GBM	9
ENSG00000171681	ATF7IP	TCGA-LUAD	9
ENSG00000168769	TET2	TCGA-SARC	9
ENSG00000167548	KMT2D	TCGA-GBM	9
ENSG00000165671	NSD1	TCGA-CESC	9
ENSG00000165323	FAT3	TCGA-COAD	9
ENSG00000164985	PSIP1	TCGA-BLCA	9
ENSG00000163939	PBRM1	TCGA-CESC	9
ENSG00000163513	TGFBR2	TCGA-HNSC	9
ENSG00000157764	BRAF	TCGA-LUAD	9
ENSG00000157554	ERG	TCGA-OV	9
ENSG00000156858	PRR14	TCGA-THCA	9
ENSG00000149311	ATM	TCGA-UCEC	9
ENSG00000148400	NOTCH1	TCGA-UCEC	9
ENSG00000147050	KDM6A	TCGA-HNSC	9
ENSG00000141646	SMAD4	TCGA-COAD	9
ENSG00000140836	ZFHX3	TCGA-BRCA	9
ENSG00000139687	RB1	TCGA-HNSC	9
ENSG00000139618	BRCA2	TCGA-BLCA	9
ENSG00000138413	IDH1	TCGA-LIHC	9
ENSG00000136826	KLF4	TCGA-BRCA	9
ENSG00000134982	APC	TCGA-STAD	9
ENSG00000134323	MYCN	TCGA-UCEC	9
ENSG00000133703	KRAS	TCGA-STAD	9
ENSG00000133392	MYH11	TCGA-BRCA	9
ENSG00000131051	RBM39	TCGA-UCEC	9
ENSG00000127329	PTPRB	TCGA-SKCM	9
ENSG00000126012	KDM5C	TCGA-KIRC	9
ENSG00000121879	PIK3CA	TCGA-BLCA	9
ENSG00000120063	GNA13	TCGA-BLCA	9
ENSG00000113360	DROSHA	TCGA-LUSC	9
ENSG00000100697	DICER1	TCGA-UCEC	9
ENSG00000091831	ESR1	TCGA-BRCA	9
ENSG00000088256	GNA11	TCGA-UVM	9
ENSG00000085276	MECOM	TCGA-UCEC	9
ENSG00000085224	ATRX	TCGA-OV	9
ENSG00000083857	FAT1	TCGA-BRCA	9
ENSG00000077782	FGFR1	TCGA-OV	9
ENSG00000065526	SPEN	TCGA-KIRC	9
ENSG00000064012	CASP8	TCGA-CESC	9
ENSG00000257923	CUX1	TCGA-BRCA	8
ENSG00000237649	KIFC1	TCGA-UCEC	8
ENSG00000221988	PPT2	TCGA-BLCA	8
ENSG00000215301	DDX3X	TCGA-MESO	8
ENSG00000198053	SIRPA	TCGA-CESC	8
ENSG00000197548	ATG7	TCGA-KIRC	8
ENSG00000196712	NF1	TCGA-LIHC	8
ENSG00000196498	NCOR2	TCGA-BRCA	8
ENSG00000186575	NF2	TCGA-LIHC	8
ENSG00000186575	NF2	TCGA-HNSC	8
ENSG00000185442	FAM174B	TCGA-PRAD	8
ENSG00000183770	FOXL2	TCGA-OV	8
ENSG00000174197	MGA	TCGA-LUAD	8
ENSG00000173575	CHD2	TCGA-BLCA	8
ENSG00000171862	PTEN	TCGA-STAD	8
ENSG00000171862	PTEN	TCGA-OV	8
ENSG00000171681	ATF7IP	TCGA-UCEC	8
ENSG00000171094	ALK	TCGA-LIHC	8
ENSG00000169032	MAP2K1	TCGA-BLCA	8
ENSG00000168036	CTNNB1	TCGA-LIHC	8
ENSG00000167548	KMT2D	TCGA-PRAD	8
ENSG00000165671	NSD1	TCGA-STAD	8
ENSG00000163930	BAP1	TCGA-UVM	8
ENSG00000163631	ALB	TCGA-LIHC	8
ENSG00000163161	ERCC3	TCGA-SKCM	8
ENSG00000162191	UBXN1	TCGA-PCPG	8
ENSG00000154803	FLCN	TCGA-COAD	8
ENSG00000152217	SETBP1	TCGA-ACC	8
ENSG00000147889	CDKN2A	TCGA-STAD	8
ENSG00000147724	FAM135B	TCGA-LUSC	8
ENSG00000147140	NONO	TCGA-SKCM	8
ENSG00000147140	NONO	TCGA-BRCA	8
ENSG00000147050	KDM6A	TCGA-KIRP	8
ENSG00000147050	KDM6A	TCGA-BLCA	8
ENSG00000145715	RASA1	TCGA-LUSC	8
ENSG00000141027	NCOR1	TCGA-BLCA	8
ENSG00000139687	RB1	TCGA-PRAD	8
ENSG00000138413	IDH1	TCGA-PRAD	8
ENSG00000135605	TEC	TCGA-UCEC	8
ENSG00000133392	MYH11	TCGA-LAML	8
ENSG00000132155	RAF1	TCGA-SKCM	8
ENSG00000131941	RHPN2	TCGA-LUSC	8
ENSG00000128191	DGCR8	TCGA-THCA	8
ENSG00000127616	SMARCA4	TCGA-COAD	8
ENSG00000125952	MAX	TCGA-KIRC	8
ENSG00000125398	SOX9	TCGA-READ	8
ENSG00000122512	PMS2	TCGA-PRAD	8
ENSG00000121989	ACVR2A	TCGA-STAD	8
ENSG00000121989	ACVR2A	TCGA-LIHC	8
ENSG00000121879	PIK3CA	TCGA-COAD	8
ENSG00000121879	PIK3CA	TCGA-CESC	8
ENSG00000118058	KMT2A	TCGA-PRAD	8
ENSG00000118058	KMT2A	TCGA-ACC	8
ENSG00000117713	ARID1A	TCGA-BRCA	8
ENSG00000116044	NFE2L2	TCGA-UCEC	8
ENSG00000116044	NFE2L2	TCGA-CESC	8
ENSG00000115760	BIRC6	TCGA-HNSC	8
ENSG00000113580	NR3C1	TCGA-HNSC	8
ENSG00000111276	CDKN1B	TCGA-BRCA	8
ENSG00000110619	CARS	TCGA-STAD	8
ENSG00000109670	FBXW7	TCGA-HNSC	8
ENSG00000102974	CTCF	TCGA-BRCA	8
ENSG00000102699	PARP4	TCGA-READ	8
ENSG00000100503	NIN	TCGA-COAD	8
ENSG00000100345	MYH9	TCGA-STAD	8
ENSG00000100030	MAPK1	TCGA-CESC	8
ENSG00000095015	MAP3K1	TCGA-UCEC	8
ENSG00000095015	MAP3K1	TCGA-LIHC	8
ENSG00000095015	MAP3K1	TCGA-COAD	8
ENSG00000080824	HSP90AA1	TCGA-BRCA	8
ENSG00000073282	TP63	TCGA-UCEC	8
ENSG00000073282	TP63	TCGA-HNSC	8
ENSG00000065361	ERBB3	TCGA-COAD	8
ENSG00000049618	ARID1B	TCGA-BLCA	8
ENSG00000041982	TNC	TCGA-LUSC	8
ENSG00000039068	CDH1	TCGA-BRCA	8
ENSG00000005339	CREBBP	TCGA-BLCA	8
ENSG00000005073	HOXA11	TCGA-UCEC	8
ENSG00000257923	CUX1	TCGA-SKCM	7
ENSG00000213281	NRAS	TCGA-PRAD	7
ENSG00000213281	NRAS	TCGA-GBM	7
ENSG00000204217	BMPR2	TCGA-STAD	7
ENSG00000198354	DCAF12L2	TCGA-PRAD	7
ENSG00000196914	ARHGEF12	TCGA-BRCA	7
ENSG00000196712	NF1	TCGA-SKCM	7
ENSG00000196712	NF1	TCGA-PCPG	7
ENSG00000189079	ARID2	TCGA-LGG	7
ENSG00000184384	MAML2	TCGA-LUSC	7
ENSG00000183337	BCOR	TCGA-ACC	7
ENSG00000181555	SETD2	TCGA-SKCM	7
ENSG00000181555	SETD2	TCGA-SARC	7
ENSG00000180917	CMTR2	TCGA-LUAD	7
ENSG00000179295	PTPN11	TCGA-COAD	7
ENSG00000178104	PDE4DIP	TCGA-THCA	7
ENSG00000173674	EIF1AX	TCGA-UCEC	7
ENSG00000171862	PTEN	TCGA-SARC	7
ENSG00000171862	PTEN	TCGA-KIRP	7
ENSG00000169564	PCBP1	TCGA-COAD	7
ENSG00000168646	AXIN2	TCGA-LIHC	7
ENSG00000168077	SCARA3	TCGA-SKCM	7
ENSG00000166501	PRKCB	TCGA-HNSC	7
ENSG00000165323	FAT3	TCGA-THCA	7
ENSG00000164754	RAD21	TCGA-LAML	7
ENSG00000163655	GMPS	TCGA-LIHC	7
ENSG00000161547	SRSF2	TCGA-CESC	7
ENSG00000157764	BRAF	TCGA-OV	7
ENSG00000157764	BRAF	TCGA-KIRP	7
ENSG00000153165	RGPD3	TCGA-THCA	7
ENSG00000147889	CDKN2A	TCGA-LUSC	7
ENSG00000146232	NFKBIE	TCGA-SKCM	7
ENSG00000143322	ABL2	TCGA-BRCA	7
ENSG00000142208	AKT1	TCGA-UCEC	7
ENSG00000142208	AKT1	TCGA-PRAD	7
ENSG00000141867	BRD4	TCGA-PRAD	7
ENSG00000141736	ERBB2	TCGA-READ	7
ENSG00000141646	SMAD4	TCGA-HNSC	7
ENSG00000141510	TP53	TCGA-SARC	7
ENSG00000141510	TP53	TCGA-PRAD	7
ENSG00000141510	TP53	TCGA-LUSC	7
ENSG00000141510	TP53	TCGA-BRCA	7
ENSG00000141510	TP53	TCGA-ACC	7
ENSG00000140836	ZFHX3	TCGA-PRAD	7
ENSG00000139687	RB1	TCGA-BRCA	7
ENSG00000139618	BRCA2	TCGA-OV	7
ENSG00000139618	BRCA2	TCGA-BRCA	7
ENSG00000138413	IDH1	TCGA-SARC	7
ENSG00000137497	NUMA1	TCGA-BRCA	7
ENSG00000135446	CDK4	TCGA-SKCM	7
ENSG00000134982	APC	TCGA-LIHC	7
ENSG00000133703	KRAS	TCGA-LIHC	7
ENSG00000130940	CASZ1	TCGA-PRAD	7
ENSG00000127616	SMARCA4	TCGA-HNSC	7
ENSG00000125398	SOX9	TCGA-COAD	7
ENSG00000124693	HIST1H3B	TCGA-BLCA	7
ENSG00000124486	USP9X	TCGA-HNSC	7
ENSG00000122779	TRIM24	TCGA-PRAD	7
ENSG00000121989	ACVR2A	TCGA-COAD	7
ENSG00000121879	PIK3CA	TCGA-SKCM	7
ENSG00000121879	PIK3CA	TCGA-OV	7
ENSG00000121879	PIK3CA	TCGA-LUSC	7
ENSG00000117713	ARID1A	TCGA-SARC	7
ENSG00000115760	BIRC6	TCGA-TGCT	7
ENSG00000115760	BIRC6	TCGA-BLCA	7
ENSG00000115414	FN1	TCGA-LUSC	7
ENSG00000114857	NKTR	TCGA-LAML	7
ENSG00000106462	EZH2	TCGA-LUAD	7
ENSG00000105568	PPP2R1A	TCGA-THCA	7
ENSG00000103197	TSC2	TCGA-KICH	7
ENSG00000102974	CTCF	TCGA-UCEC	7
ENSG00000100030	MAPK1	TCGA-LIHC	7
ENSG00000100030	MAPK1	TCGA-HNSC	7
ENSG00000090857	PDPR	TCGA-THCA	7
ENSG00000083857	FAT1	TCGA-UVM	7
ENSG00000083857	FAT1	TCGA-ESCA	7
ENSG00000083857	FAT1	TCGA-CESC	7
ENSG00000083799	CYLD	TCGA-HNSC	7
ENSG00000079999	KEAP1	TCGA-LUSC	7
ENSG00000079999	KEAP1	TCGA-LUAD	7
ENSG00000078328	RBFOX1	TCGA-PRAD	7
ENSG00000067560	RHOA	TCGA-PRAD	7
ENSG00000066468	FGFR2	TCGA-LUSC	7
ENSG00000065559	MAP2K4	TCGA-COAD	7
ENSG00000065361	ERBB3	TCGA-BRCA	7
ENSG00000055609	KMT2C	TCGA-LUSC	7
ENSG00000055609	KMT2C	TCGA-LUAD	7
ENSG00000051341	POLQ	TCGA-LUSC	7
ENSG00000049618	ARID1B	TCGA-LGG	7
ENSG00000044524	EPHA3	TCGA-PRAD	7
ENSG00000036257	CUL3	TCGA-HNSC	7
ENSG00000270647	TAF15	TCGA-BLCA	6
ENSG00000257923	CUX1	TCGA-UCEC	6
ENSG00000244405	ETV5	TCGA-BRCA	6
ENSG00000198455	ZXDB	TCGA-BRCA	6
ENSG00000196712	NF1	TCGA-BLCA	6
ENSG00000196367	TRRAP	TCGA-HNSC	6
ENSG00000196159	FAT4	TCGA-READ	6
ENSG00000196159	FAT4	TCGA-LIHC	6
ENSG00000189079	ARID2	TCGA-THCA	6
ENSG00000186575	NF2	TCGA-KIRC	6
ENSG00000186350	RXRA	TCGA-BLCA	6
ENSG00000186174	BCL9L	TCGA-COAD	6
ENSG00000183337	BCOR	TCGA-UCEC	6
ENSG00000182901	RGS7	TCGA-BRCA	6
ENSG00000182872	RBM10	TCGA-COAD	6
ENSG00000182872	RBM10	TCGA-BLCA	6
ENSG00000182054	IDH2	TCGA-SARC	6
ENSG00000180644	PRF1	TCGA-STAD	6
ENSG00000180611	MB21D2	TCGA-LUSC	6
ENSG00000180424	DEFB123	TCGA-SKCM	6
ENSG00000177084	POLE	TCGA-UCEC	6
ENSG00000173821	RNF213	TCGA-BLCA	6
ENSG00000171862	PTEN	TCGA-READ	6
ENSG00000171843	MLLT3	TCGA-SKCM	6
ENSG00000171735	CAMTA1	TCGA-LIHC	6
ENSG00000169083	AR	TCGA-PRAD	6
ENSG00000168702	LRP1B	TCGA-LUSC	6
ENSG00000168036	CTNNB1	TCGA-LUAD	6
ENSG00000167548	KMT2D	TCGA-CESC	6
ENSG00000166949	SMAD3	TCGA-READ	6
ENSG00000166949	SMAD3	TCGA-COAD	6
ENSG00000166710	B2M	TCGA-CESC	6
ENSG00000166501	PRKCB	TCGA-SKCM	6
ENSG00000166501	PRKCB	TCGA-LUSC	6
ENSG00000165671	NSD1	TCGA-HNSC	6
ENSG00000165556	CDX2	TCGA-ESCA	6
ENSG00000165238	WNK2	TCGA-LIHC	6
ENSG00000164935	DCSTAMP	TCGA-STAD	6
ENSG00000163939	PBRM1	TCGA-KIRP	6
ENSG00000163930	BAP1	TCGA-BRCA	6
ENSG00000163513	TGFBR2	TCGA-CESC	6
ENSG00000160321	ZNF208	TCGA-ESCA	6
ENSG00000158169	FANCC	TCGA-GBM	6
ENSG00000157764	BRAF	TCGA-COAD	6
ENSG00000157404	KIT	TCGA-STAD	6
ENSG00000157404	KIT	TCGA-SARC	6
ENSG00000156650	KAT6B	TCGA-BRCA	6
ENSG00000156052	GNAQ	TCGA-UVM	6
ENSG00000153707	PTPRD	TCGA-BRCA	6
ENSG00000148400	NOTCH1	TCGA-LGG	6
ENSG00000147889	CDKN2A	TCGA-LGG	6
ENSG00000147724	FAM135B	TCGA-HNSC	6
ENSG00000147050	KDM6A	TCGA-LUSC	6
ENSG00000146648	EGFR	TCGA-GBM	6
ENSG00000144554	FANCD2	TCGA-COAD	6
ENSG00000143322	ABL2	TCGA-UCEC	6
ENSG00000142798	HSPG2	TCGA-BLCA	6
ENSG00000142208	AKT1	TCGA-SARC	6
ENSG00000142208	AKT1	TCGA-BRCA	6
ENSG00000141646	SMAD4	TCGA-PRAD	6
ENSG00000141646	SMAD4	TCGA-CESC	6
ENSG00000141510	TP53	TCGA-UCEC	6
ENSG00000141510	TP53	TCGA-BLCA	6
ENSG00000141279	NPEPPS	TCGA-LUSC	6
ENSG00000139687	RB1	TCGA-LUSC	6
ENSG00000139687	RB1	TCGA-BLCA	6
ENSG00000139618	BRCA2	TCGA-PRAD	6
ENSG00000138592	USP8	TCGA-LIHC	6
ENSG00000138336	TET1	TCGA-STAD	6
ENSG00000136238	RAC1	TCGA-SKCM	6
ENSG00000136014	USP44	TCGA-UCEC	6
ENSG00000135333	EPHA7	TCGA-OV	6
ENSG00000134982	APC	TCGA-UVM	6
ENSG00000134853	PDGFRA	TCGA-LUSC	6
ENSG00000133703	KRAS	TCGA-BLCA	6
ENSG00000131747	TOP2A	TCGA-STAD	6
ENSG00000131023	LATS1	TCGA-CESC	6
ENSG00000129474	AJUBA	TCGA-HNSC	6
ENSG00000127616	SMARCA4	TCGA-LGG	6
ENSG00000125798	FOXA2	TCGA-UCEC	6
ENSG00000125285	SOX21	TCGA-PRAD	6
ENSG00000121691	CAT	TCGA-LIHC	6
ENSG00000119414	PPP6C	TCGA-SKCM	6
ENSG00000117713	ARID1A	TCGA-READ	6
ENSG00000117713	ARID1A	TCGA-BLCA	6
ENSG00000116044	NFE2L2	TCGA-LUSC	6
ENSG00000116044	NFE2L2	TCGA-BLCA	6
ENSG00000116016	EPAS1	TCGA-BRCA	6
ENSG00000114698	PLSCR4	TCGA-HNSC	6
ENSG00000114354	TFG	TCGA-LIHC	6
ENSG00000111276	CDKN1B	TCGA-LIHC	6
ENSG00000110719	TCIRG1	TCGA-SKCM	6
ENSG00000109670	FBXW7	TCGA-LUSC	6
ENSG00000109670	FBXW7	TCGA-BLCA	6
ENSG00000108375	RNF43	TCGA-UCEC	6
ENSG00000108375	RNF43	TCGA-PRAD	6
ENSG00000107485	GATA3	TCGA-BRCA	6
ENSG00000105568	PPP2R1A	TCGA-UVM	6
ENSG00000104517	UBR5	TCGA-SKCM	6
ENSG00000104408	EIF3E	TCGA-CESC	6
ENSG00000103197	TSC2	TCGA-BLCA	6
ENSG00000101333	PLCB4	TCGA-UVM	6
ENSG00000101096	NFATC2	TCGA-SARC	6
ENSG00000100503	NIN	TCGA-MESO	6
ENSG00000100345	MYH9	TCGA-HNSC	6
ENSG00000100285	NEFH	TCGA-THCA	6
ENSG00000096384	HSP90AB1	TCGA-SKCM	6
ENSG00000087460	GNAS	TCGA-LIHC	6
ENSG00000085185	BCORL1	TCGA-PAAD	6
ENSG00000083857	FAT1	TCGA-UCEC	6
ENSG00000067560	RHOA	TCGA-BLCA	6
ENSG00000065526	SPEN	TCGA-BRCA	6
ENSG00000065361	ERBB3	TCGA-CESC	6
ENSG00000065361	ERBB3	TCGA-BLCA	6
ENSG00000051382	PIK3CB	TCGA-BLCA	6
ENSG00000051341	POLQ	TCGA-UCEC	6
ENSG00000049618	ARID1B	TCGA-COAD	6
ENSG00000049540	ELN	TCGA-BRCA	6
ENSG00000046889	PREX2	TCGA-SKCM	6
ENSG00000046889	PREX2	TCGA-BLCA	6
ENSG00000037280	FLT4	TCGA-LUSC	6
ENSG00000036257	CUL3	TCGA-LUSC	6
ENSG00000005889	ZFX	TCGA-SKCM	6
ENSG00000005339	CREBBP	TCGA-BRCA	6
ENSG00000245848	CEBPA	TCGA-LAML	5
ENSG00000206503	HLA-A	TCGA-HNSC	5
ENSG00000198795	ZNF521	TCGA-LIHC	5
ENSG00000198793	MTOR	TCGA-UCEC	5
ENSG00000198793	MTOR	TCGA-LGG	5
ENSG00000198793	MTOR	TCGA-KICH	5
ENSG00000198354	DCAF12L2	TCGA-GBM	5
ENSG00000198286	CARD11	TCGA-READ	5
ENSG00000196159	FAT4	TCGA-TGCT	5
ENSG00000189283	FHIT	TCGA-STAD	5
ENSG00000189079	ARID2	TCGA-STAD	5
ENSG00000187323	DCC	TCGA-ESCA	5
ENSG00000186815	TPCN1	TCGA-COAD	5
ENSG00000185920	PTCH1	TCGA-SARC	5
ENSG00000185920	PTCH1	TCGA-ESCA	5
ENSG00000183579	ZNRF3	TCGA-ACC	5
ENSG00000182872	RBM10	TCGA-READ	5
ENSG00000181555	SETD2	TCGA-LGG	5
ENSG00000177426	TGIF1	TCGA-COAD	5
ENSG00000173821	RNF213	TCGA-LUSC	5
ENSG00000173674	EIF1AX	TCGA-PRAD	5
ENSG00000170759	KIF5B	TCGA-HNSC	5
ENSG00000169564	PCBP1	TCGA-PAAD	5
ENSG00000168702	LRP1B	TCGA-KIRC	5
ENSG00000168036	CTNNB1	TCGA-ACC	5
ENSG00000167548	KMT2D	TCGA-MESO	5
ENSG00000167258	CDK12	TCGA-CESC	5
ENSG00000166710	B2M	TCGA-HNSC	5
ENSG00000165699	TSC1	TCGA-BLCA	5
ENSG00000165323	FAT3	TCGA-STAD	5
ENSG00000165323	FAT3	TCGA-SKCM	5
ENSG00000165323	FAT3	TCGA-HNSC	5
ENSG00000165238	WNK2	TCGA-THCA	5
ENSG00000164754	RAD21	TCGA-LUSC	5
ENSG00000162434	JAK1	TCGA-UCEC	5
ENSG00000160867	FGFR4	TCGA-GBM	5
ENSG00000160201	U2AF1	TCGA-UCS	5
ENSG00000160007	ARHGAP35	TCGA-UCEC	5
ENSG00000157404	KIT	TCGA-SKCM	5
ENSG00000157388	CACNA1D	TCGA-OV	5
ENSG00000156052	GNAQ	TCGA-SKCM	5
ENSG00000153707	PTPRD	TCGA-PRAD	5
ENSG00000153707	PTPRD	TCGA-ESCA	5
ENSG00000153487	ING1	TCGA-UCEC	5
ENSG00000150457	LATS2	TCGA-MESO	5
ENSG00000149311	ATM	TCGA-STAD	5
ENSG00000148400	NOTCH1	TCGA-HNSC	5
ENSG00000147889	CDKN2A	TCGA-LIHC	5
ENSG00000147889	CDKN2A	TCGA-BRCA	5
ENSG00000147724	FAM135B	TCGA-PAAD	5
ENSG00000147145	LPAR4	TCGA-HNSC	5
ENSG00000147050	KDM6A	TCGA-ESCA	5
ENSG00000145715	RASA1	TCGA-HNSC	5
ENSG00000144152	FBLN7	TCGA-LIHC	5
ENSG00000143387	CTSK	TCGA-UCEC	5
ENSG00000143379	SETDB1	TCGA-MESO	5
ENSG00000143379	SETDB1	TCGA-LIHC	5
ENSG00000142798	HSPG2	TCGA-SARC	5
ENSG00000141736	ERBB2	TCGA-OV	5
ENSG00000141510	TP53	TCGA-CESC	5
ENSG00000140836	ZFHX3	TCGA-UCEC	5
ENSG00000140538	NTRK3	TCGA-STAD	5
ENSG00000139687	RB1	TCGA-ACC	5
ENSG00000135111	TBX3	TCGA-COAD	5
ENSG00000135111	TBX3	TCGA-BRCA	5
ENSG00000134250	NOTCH2	TCGA-PRAD	5
ENSG00000133703	KRAS	TCGA-BRCA	5
ENSG00000133124	IRS4	TCGA-BLCA	5
ENSG00000128714	HOXD13	TCGA-BRCA	5
ENSG00000127616	SMARCA4	TCGA-LUAD	5
ENSG00000126012	KDM5C	TCGA-HNSC	5
ENSG00000124762	CDKN1A	TCGA-KICH	5
ENSG00000123473	STIL	TCGA-CESC	5
ENSG00000121989	ACVR2A	TCGA-UCEC	5
ENSG00000121879	PIK3CA	TCGA-LGG	5
ENSG00000121879	PIK3CA	TCGA-GBM	5
ENSG00000117713	ARID1A	TCGA-PRAD	5
ENSG00000116996	ZP4	TCGA-PRAD	5
ENSG00000116044	NFE2L2	TCGA-LIHC	5
ENSG00000115904	SOS1	TCGA-UCEC	5
ENSG00000115760	BIRC6	TCGA-UCEC	5
ENSG00000115524	SF3B1	TCGA-SKCM	5
ENSG00000111276	CDKN1B	TCGA-PRAD	5
ENSG00000111266	DUSP16	TCGA-COAD	5
ENSG00000109906	ZBTB16	TCGA-PRAD	5
ENSG00000109906	ZBTB16	TCGA-BRCA	5
ENSG00000109113	RAB34	TCGA-LAML	5
ENSG00000108946	PRKAR1A	TCGA-ACC	5
ENSG00000108821	COL1A1	TCGA-GBM	5
ENSG00000108821	COL1A1	TCGA-CESC	5
ENSG00000108375	RNF43	TCGA-STAD	5
ENSG00000108091	CCDC6	TCGA-COAD	5
ENSG00000105568	PPP2R1A	TCGA-UCEC	5
ENSG00000103126	AXIN1	TCGA-GBM	5
ENSG00000102554	KLF5	TCGA-LUSC	5
ENSG00000101972	STAG2	TCGA-KIRC	5
ENSG00000101115	SALL4	TCGA-BRCA	5
ENSG00000101096	NFATC2	TCGA-PAAD	5
ENSG00000100697	DICER1	TCGA-COAD	5
ENSG00000100393	EP300	TCGA-BLCA	5
ENSG00000099250	NRP1	TCGA-LAML	5
ENSG00000095015	MAP3K1	TCGA-BRCA	5
ENSG00000085276	MECOM	TCGA-BLCA	5
ENSG00000085185	BCORL1	TCGA-COAD	5
ENSG00000080824	HSP90AA1	TCGA-THCA	5
ENSG00000079102	RUNX1T1	TCGA-PRAD	5
ENSG00000079102	RUNX1T1	TCGA-LIHC	5
ENSG00000072501	SMC1A	TCGA-LAML	5
ENSG00000069849	ATP1B3	TCGA-THCA	5
ENSG00000065526	SPEN	TCGA-PRAD	5
ENSG00000055609	KMT2C	TCGA-UCEC	5
ENSG00000055609	KMT2C	TCGA-STAD	5
ENSG00000055609	KMT2C	TCGA-CESC	5
ENSG00000055609	KMT2C	TCGA-BLCA	5
ENSG00000051382	PIK3CB	TCGA-GBM	5
ENSG00000049618	ARID1B	TCGA-LUSC	5
ENSG00000041982	TNC	TCGA-LAML	5
ENSG00000036257	CUL3	TCGA-PRAD	5
ENSG00000029363	BCLAF1	TCGA-STAD	5
ENSG00000026103	FAS	TCGA-CESC	5
ENSG00000285458	AC093827.5	TCGA-HNSC	4
ENSG00000274749	KRTAP7-1	TCGA-PAAD	4
ENSG00000234745	HLA-B	TCGA-ESCA	4
ENSG00000213281	NRAS	TCGA-LIHC	4
ENSG00000206503	HLA-A	TCGA-SKCM	4
ENSG00000204449	TRIM49C	TCGA-STAD	4
ENSG00000204007	GLT6D1	TCGA-SARC	4
ENSG00000198856	OSTC	TCGA-LGG	4
ENSG00000197013	ZNF429	TCGA-BLCA	4
ENSG00000196712	NF1	TCGA-READ	4
ENSG00000196660	SLC30A10	TCGA-LUSC	4
ENSG00000196498	NCOR2	TCGA-COAD	4
ENSG00000196367	TRRAP	TCGA-SKCM	4
ENSG00000196090	PTPRT	TCGA-OV	4
ENSG00000189079	ARID2	TCGA-SKCM	4
ENSG00000189079	ARID2	TCGA-ESCA	4
ENSG00000188522	FAM83G	TCGA-UCEC	4
ENSG00000186575	NF2	TCGA-PAAD	4
ENSG00000186575	NF2	TCGA-MESO	4
ENSG00000185920	PTCH1	TCGA-MESO	4
ENSG00000184675	AMER1	TCGA-COAD	4
ENSG00000184634	MED12	TCGA-SARC	4
ENSG00000184056	VPS33B	TCGA-UCEC	4
ENSG00000183454	GRIN2A	TCGA-COAD	4
ENSG00000183161	FANCF	TCGA-BLCA	4
ENSG00000177189	RPS6KA3	TCGA-LIHC	4
ENSG00000177084	POLE	TCGA-CESC	4
ENSG00000175894	TSPEAR	TCGA-SKCM	4
ENSG00000175054	ATR	TCGA-UCEC	4
ENSG00000174937	OR5M3	TCGA-SKCM	4
ENSG00000174775	HRAS	TCGA-LUSC	4
ENSG00000174775	HRAS	TCGA-COAD	4
ENSG00000171862	PTEN	TCGA-THCA	4
ENSG00000169740	ZNF32	TCGA-HNSC	4
ENSG00000168702	LRP1B	TCGA-UVM	4
ENSG00000168702	LRP1B	TCGA-LUAD	4
ENSG00000167258	CDK12	TCGA-STAD	4
ENSG00000167258	CDK12	TCGA-SKCM	4
ENSG00000166949	SMAD3	TCGA-PAAD	4
ENSG00000166451	CENPN	TCGA-CESC	4
ENSG00000166164	BRD7	TCGA-SKCM	4
ENSG00000165694	FRMD7	TCGA-LGG	4
ENSG00000165671	NSD1	TCGA-LUSC	4
ENSG00000165323	FAT3	TCGA-ESCA	4
ENSG00000164924	YWHAZ	TCGA-SKCM	4
ENSG00000164190	NIPBL	TCGA-ESCA	4
ENSG00000164169	PRMT10	TCGA-LGG	4
ENSG00000163939	PBRM1	TCGA-UCEC	4
ENSG00000163930	BAP1	TCGA-PAAD	4
ENSG00000163848	ZNF148	TCGA-ESCA	4
ENSG00000160679	CHTOP	TCGA-LAML	4
ENSG00000160439	RDH13	TCGA-BLCA	4
ENSG00000160201	U2AF1	TCGA-PRAD	4
ENSG00000157388	CACNA1D	TCGA-BRCA	4
ENSG00000154767	XPC	TCGA-LIHC	4
ENSG00000154743	TSEN2	TCGA-STAD	4
ENSG00000154719	MRPL39	TCGA-STAD	4
ENSG00000154719	MRPL39	TCGA-HNSC	4
ENSG00000153165	RGPD3	TCGA-SKCM	4
ENSG00000152439	ZNF773	TCGA-KIRP	4
ENSG00000149311	ATM	TCGA-LIHC	4
ENSG00000147889	CDKN2A	TCGA-HNSC	4
ENSG00000147889	CDKN2A	TCGA-BLCA	4
ENSG00000147724	FAM135B	TCGA-UCS	4
ENSG00000147050	KDM6A	TCGA-PAAD	4
ENSG00000146648	EGFR	TCGA-COAD	4
ENSG00000145675	PIK3R1	TCGA-STAD	4
ENSG00000145675	PIK3R1	TCGA-GBM	4
ENSG00000145012	LPP	TCGA-UCS	4
ENSG00000144554	FANCD2	TCGA-SKCM	4
ENSG00000141968	VAV1	TCGA-PAAD	4
ENSG00000141736	ERBB2	TCGA-COAD	4
ENSG00000141736	ERBB2	TCGA-CESC	4
ENSG00000141510	TP53	TCGA-KIRP	4
ENSG00000141027	NCOR1	TCGA-MESO	4
ENSG00000140836	ZFHX3	TCGA-BLCA	4
ENSG00000140374	ETFA	TCGA-BLCA	4
ENSG00000140279	DUOX2	TCGA-THCA	4
ENSG00000139687	RB1	TCGA-UCEC	4
ENSG00000139687	RB1	TCGA-STAD	4
ENSG00000139687	RB1	TCGA-GBM	4
ENSG00000139687	RB1	TCGA-CESC	4
ENSG00000139618	BRCA2	TCGA-SKCM	4
ENSG00000138814	PPP3CA	TCGA-STAD	4
ENSG00000138379	MSTN	TCGA-STAD	4
ENSG00000136754	ABI1	TCGA-ESCA	4
ENSG00000136238	RAC1	TCGA-HNSC	4
ENSG00000134901	KDELC1	TCGA-SKCM	4
ENSG00000134853	PDGFRA	TCGA-GBM	4
ENSG00000133703	KRAS	TCGA-UCS	4
ENSG00000129204	USP6	TCGA-LAML	4
ENSG00000128731	HERC2	TCGA-THCA	4
ENSG00000128602	SMO	TCGA-MESO	4
ENSG00000128513	POT1	TCGA-SKCM	4
ENSG00000126216	TUBGCP3	TCGA-COAD	4
ENSG00000125651	GTF2F1	TCGA-STAD	4
ENSG00000125449	ARMC7	TCGA-CESC	4
ENSG00000124762	CDKN1A	TCGA-BLCA	4
ENSG00000124107	SLPI	TCGA-STAD	4
ENSG00000121989	ACVR2A	TCGA-READ	4
ENSG00000121879	PIK3CA	TCGA-STAD	4
ENSG00000121879	PIK3CA	TCGA-MESO	4
ENSG00000121067	SPOP	TCGA-PRAD	4
ENSG00000119772	DNMT3A	TCGA-PRAD	4
ENSG00000117713	ARID1A	TCGA-STAD	4
ENSG00000116731	PRDM2	TCGA-LIHC	4
ENSG00000116132	PRRX1	TCGA-STAD	4
ENSG00000115808	STRN	TCGA-PRAD	4
ENSG00000115524	SF3B1	TCGA-UVM	4
ENSG00000115524	SF3B1	TCGA-LAML	4
ENSG00000111679	PTPN6	TCGA-SKCM	4
ENSG00000109670	FBXW7	TCGA-CESC	4
ENSG00000108830	RND2	TCGA-HNSC	4
ENSG00000108375	RNF43	TCGA-COAD	4
ENSG00000106462	EZH2	TCGA-LAML	4
ENSG00000105656	ELL	TCGA-HNSC	4
ENSG00000105392	CRX	TCGA-PRAD	4
ENSG00000104517	UBR5	TCGA-KICH	4
ENSG00000104408	EIF3E	TCGA-COAD	4
ENSG00000103126	AXIN1	TCGA-ESCA	4
ENSG00000102910	LONP2	TCGA-THCA	4
ENSG00000101972	STAG2	TCGA-GBM	4
ENSG00000101115	SALL4	TCGA-LUSC	4
ENSG00000100393	EP300	TCGA-HNSC	4
ENSG00000100393	EP300	TCGA-CESC	4
ENSG00000100345	MYH9	TCGA-COAD	4
ENSG00000095015	MAP3K1	TCGA-GBM	4
ENSG00000087460	GNAS	TCGA-ACC	4
ENSG00000085224	ATRX	TCGA-GBM	4
ENSG00000083857	FAT1	TCGA-STAD	4
ENSG00000079999	KEAP1	TCGA-LIHC	4
ENSG00000079432	CIC	TCGA-LUAD	4
ENSG00000079432	CIC	TCGA-LGG	4
ENSG00000078579	FGF20	TCGA-CESC	4
ENSG00000073614	KDM5A	TCGA-SKCM	4
ENSG00000070756	PABPC1	TCGA-LUSC	4
ENSG00000070371	CLTCL1	TCGA-LIHC	4
ENSG00000068078	FGFR3	TCGA-HNSC	4
ENSG00000066468	FGFR2	TCGA-UCEC	4
ENSG00000065526	SPEN	TCGA-CESC	4
ENSG00000065361	ERBB3	TCGA-UCEC	4
ENSG00000065361	ERBB3	TCGA-STAD	4
ENSG00000065361	ERBB3	TCGA-PRAD	4
ENSG00000064012	CASP8	TCGA-BRCA	4
ENSG00000051382	PIK3CB	TCGA-PRAD	4
ENSG00000051341	POLQ	TCGA-SKCM	4
ENSG00000051341	POLQ	TCGA-CESC	4
ENSG00000041982	TNC	TCGA-ACC	4
ENSG00000037280	FLT4	TCGA-LIHC	4
ENSG00000037280	FLT4	TCGA-BLCA	4
ENSG00000013810	TACC3	TCGA-THCA	4
ENSG00000272617	RP11-343C2.12	TCGA-LIHC	3
ENSG00000261787	TCF24	TCGA-STAD	3
ENSG00000258947	TUBB3	TCGA-PRAD	3
ENSG00000257365	FNTB	TCGA-LGG	3
ENSG00000244405	ETV5	TCGA-LAML	3
ENSG00000233917	POTEB	TCGA-LIHC	3
ENSG00000227268	KLLN	TCGA-THCA	3
ENSG00000215301	DDX3X	TCGA-HNSC	3
ENSG00000213347	MXD3	TCGA-UCEC	3
ENSG00000205420	KRT6A	TCGA-LIHC	3
ENSG00000203859	HSD3B2	TCGA-LGG	3
ENSG00000198795	ZNF521	TCGA-PAAD	3
ENSG00000198453	ZNF568	TCGA-LAML	3
ENSG00000198286	CARD11	TCGA-COAD	3
ENSG00000198053	SIRPA	TCGA-LAML	3
ENSG00000197013	ZNF429	TCGA-PRAD	3
ENSG00000196912	ANKRD36B	TCGA-PRAD	3
ENSG00000196712	NF1	TCGA-LGG	3
ENSG00000196498	NCOR2	TCGA-ESCA	3
ENSG00000196470	SIAH1	TCGA-LGG	3
ENSG00000196159	FAT4	TCGA-LAML	3
ENSG00000196090	PTPRT	TCGA-ESCA	3
ENSG00000189079	ARID2	TCGA-PAAD	3
ENSG00000189079	ARID2	TCGA-LIHC	3
ENSG00000189079	ARID2	TCGA-HNSC	3
ENSG00000189079	ARID2	TCGA-CHOL	3
ENSG00000187605	TET3	TCGA-PAAD	3
ENSG00000187323	DCC	TCGA-PAAD	3
ENSG00000185122	HSF1	TCGA-LIHC	3
ENSG00000184937	WT1	TCGA-PAAD	3
ENSG00000184937	WT1	TCGA-ESCA	3
ENSG00000184185	KCNJ12	TCGA-THCA	3
ENSG00000183971	NPW	TCGA-COAD	3
ENSG00000183921	SDR42E2	TCGA-THCA	3
ENSG00000183337	BCOR	TCGA-READ	3
ENSG00000183337	BCOR	TCGA-LAML	3
ENSG00000182054	IDH2	TCGA-CHOL	3
ENSG00000181555	SETD2	TCGA-LIHC	3
ENSG00000180611	MB21D2	TCGA-HNSC	3
ENSG00000180336	C17orf104	TCGA-LUAD	3
ENSG00000180098	TRNAU1AP	TCGA-TGCT	3
ENSG00000179295	PTPN11	TCGA-LAML	3
ENSG00000179295	PTPN11	TCGA-GBM	3
ENSG00000179041	RRS1	TCGA-SKCM	3
ENSG00000178691	SUZ12	TCGA-PRAD	3
ENSG00000177879	AP3S1	TCGA-PCPG	3
ENSG00000176177	ENTHD1	TCGA-KIRP	3
ENSG00000176142	TMEM39A	TCGA-CESC	3
ENSG00000175518	UBQLNL	TCGA-LGG	3
ENSG00000175426	PCSK1	TCGA-SKCM	3
ENSG00000174891	RSRC1	TCGA-LGG	3
ENSG00000174010	KLHL15	TCGA-HNSC	3
ENSG00000173575	CHD2	TCGA-KIRP	3
ENSG00000172915	NBEA	TCGA-LIHC	3
ENSG00000171862	PTEN	TCGA-SKCM	3
ENSG00000171862	PTEN	TCGA-ESCA	3
ENSG00000171862	PTEN	TCGA-CESC	3
ENSG00000171860	C3AR1	TCGA-SKCM	3
ENSG00000171456	ASXL1	TCGA-ESCA	3
ENSG00000171401	KRT13	TCGA-CESC	3
ENSG00000170965	PLAC1	TCGA-UCEC	3
ENSG00000170561	IRX2	TCGA-LUSC	3
ENSG00000168702	LRP1B	TCGA-HNSC	3
ENSG00000168685	IL7R	TCGA-ESCA	3
ENSG00000168036	CTNNB1	TCGA-UCEC	3
ENSG00000168036	CTNNB1	TCGA-STAD	3
ENSG00000167792	NDUFV1	TCGA-ESCA	3
ENSG00000167641	PPP1R14A	TCGA-HNSC	3
ENSG00000167548	KMT2D	TCGA-UCEC	3
ENSG00000167548	KMT2D	TCGA-LUSC	3
ENSG00000167548	KMT2D	TCGA-CHOL	3
ENSG00000167548	KMT2D	TCGA-BLCA	3
ENSG00000166368	OR2D2	TCGA-PCPG	3
ENSG00000165935	SMCO2	TCGA-HNSC	3
ENSG00000165671	NSD1	TCGA-UCS	3
ENSG00000165633	VSTM4	TCGA-LGG	3
ENSG00000165323	FAT3	TCGA-READ	3
ENSG00000165323	FAT3	TCGA-PAAD	3
ENSG00000165219	GAPVD1	TCGA-HNSC	3
ENSG00000165140	FBP1	TCGA-PRAD	3
ENSG00000163939	PBRM1	TCGA-CHOL	3
ENSG00000163930	BAP1	TCGA-CESC	3
ENSG00000163904	SENP2	TCGA-ESCA	3
ENSG00000163682	RPL9	TCGA-ESCA	3
ENSG00000163618	CADPS	TCGA-UCEC	3
ENSG00000163513	TGFBR2	TCGA-PAAD	3
ENSG00000163513	TGFBR2	TCGA-ESCA	3
ENSG00000163513	TGFBR2	TCGA-COAD	3
ENSG00000163435	ELF3	TCGA-BLCA	3
ENSG00000162929	KIAA1841	TCGA-LIHC	3
ENSG00000160007	ARHGAP35	TCGA-LUSC	3
ENSG00000158715	SLC45A3	TCGA-SKCM	3
ENSG00000157764	BRAF	TCGA-SKCM	3
ENSG00000157764	BRAF	TCGA-READ	3
ENSG00000157764	BRAF	TCGA-LUSC	3
ENSG00000157554	ERG	TCGA-PRAD	3
ENSG00000156650	KAT6B	TCGA-PRAD	3
ENSG00000156006	NAT2	TCGA-PRAD	3
ENSG00000153187	HNRNPU	TCGA-HNSC	3
ENSG00000152217	SETBP1	TCGA-THCA	3
ENSG00000151704	KCNJ1	TCGA-PAAD	3
ENSG00000150455	TIRAP	TCGA-BLCA	3
ENSG00000149573	MPZL2	TCGA-BLCA	3
ENSG00000149311	ATM	TCGA-READ	3
ENSG00000149311	ATM	TCGA-COAD	3
ENSG00000148737	TCF7L2	TCGA-READ	3
ENSG00000147889	CDKN2A	TCGA-SKCM	3
ENSG00000147889	CDKN2A	TCGA-ESCA	3
ENSG00000147854	UHRF2	TCGA-LIHC	3
ENSG00000147050	KDM6A	TCGA-STAD	3
ENSG00000145781	COMMD10	TCGA-ESCA	3
ENSG00000143196	DPT	TCGA-LGG	3
ENSG00000142871	CYR61	TCGA-HNSC	3
ENSG00000142798	HSPG2	TCGA-READ	3
ENSG00000141971	MVB12A	TCGA-BLCA	3
ENSG00000141646	SMAD4	TCGA-STAD	3
ENSG00000141510	TP53	TCGA-ESCA	3
ENSG00000141458	NPC1	TCGA-UCEC	3
ENSG00000141447	OSBPL1A	TCGA-UCEC	3
ENSG00000141027	NCOR1	TCGA-HNSC	3
ENSG00000141027	NCOR1	TCGA-CHOL	3
ENSG00000140937	CDH11	TCGA-LUSC	3
ENSG00000140332	TLE3	TCGA-CESC	3
ENSG00000139618	BRCA2	TCGA-READ	3
ENSG00000139618	BRCA2	TCGA-COAD	3
ENSG00000139292	LGR5	TCGA-SKCM	3
ENSG00000139263	LRIG3	TCGA-BLCA	3
ENSG00000138688	KIAA1109	TCGA-LGG	3
ENSG00000138115	CYP2C8	TCGA-MESO	3
ENSG00000137815	RTF1	TCGA-SKCM	3
ENSG00000136487	GH2	TCGA-TGCT	3
ENSG00000135905	DOCK10	TCGA-SKCM	3
ENSG00000134982	APC	TCGA-READ	3
ENSG00000134982	APC	TCGA-PRAD	3
ENSG00000134982	APC	TCGA-ESCA	3
ENSG00000134352	IL6ST	TCGA-LIHC	3
ENSG00000133895	MEN1	TCGA-ACC	3
ENSG00000133392	MYH11	TCGA-PRAD	3
ENSG00000132383	RPA1	TCGA-THCA	3
ENSG00000132155	RAF1	TCGA-BLCA	3
ENSG00000131023	LATS1	TCGA-READ	3
ENSG00000129514	FOXA1	TCGA-PRAD	3
ENSG00000129204	USP6	TCGA-PRAD	3
ENSG00000129204	USP6	TCGA-LUSC	3
ENSG00000128602	SMO	TCGA-GBM	3
ENSG00000128513	POT1	TCGA-LIHC	3
ENSG00000127152	BCL11B	TCGA-PAAD	3
ENSG00000127152	BCL11B	TCGA-GBM	3
ENSG00000126814	TRMT5	TCGA-LGG	3
ENSG00000126453	BCL2L12	TCGA-SKCM	3
ENSG00000124374	PAIP2B	TCGA-SKCM	3
ENSG00000123643	SLC36A1	TCGA-CESC	3
ENSG00000122741	DCAF10	TCGA-CESC	3
ENSG00000120860	CCDC53	TCGA-CESC	3
ENSG00000119927	GPAM	TCGA-HNSC	3
ENSG00000119725	ZNF410	TCGA-KIRP	3
ENSG00000119402	FBXW2	TCGA-PCPG	3
ENSG00000118971	CCND2	TCGA-LAML	3
ENSG00000118058	KMT2A	TCGA-SKCM	3
ENSG00000118058	KMT2A	TCGA-BLCA	3
ENSG00000117713	ARID1A	TCGA-UCS	3
ENSG00000117501	MROH9	TCGA-LGG	3
ENSG00000117215	PLA2G2D	TCGA-BLCA	3
ENSG00000117020	AKT3	TCGA-PRAD	3
ENSG00000116774	OLFML3	TCGA-PCPG	3
ENSG00000116128	BCL9	TCGA-READ	3
ENSG00000116044	NFE2L2	TCGA-ESCA	3
ENSG00000115760	BIRC6	TCGA-PAAD	3
ENSG00000113732	ATP6V0E1	TCGA-STAD	3
ENSG00000113328	CCNG1	TCGA-LIHC	3
ENSG00000112531	QKI	TCGA-SKCM	3
ENSG00000111642	CHD4	TCGA-UCEC	3
ENSG00000110696	C11orf58	TCGA-UCEC	3
ENSG00000110651	CD81	TCGA-UCEC	3
ENSG00000109906	ZBTB16	TCGA-ESCA	3
ENSG00000109814	UGDH	TCGA-SKCM	3
ENSG00000109670	FBXW7	TCGA-UCS	3
ENSG00000109670	FBXW7	TCGA-PAAD	3
ENSG00000109670	FBXW7	TCGA-ESCA	3
ENSG00000107954	NEURL1	TCGA-LGG	3
ENSG00000107779	BMPR1A	TCGA-STAD	3
ENSG00000107779	BMPR1A	TCGA-READ	3
ENSG00000105926	MPP6	TCGA-LIHC	3
ENSG00000105656	ELL	TCGA-SKCM	3
ENSG00000105371	ICAM4	TCGA-STAD	3
ENSG00000104825	NFKBIB	TCGA-UCEC	3
ENSG00000104695	PPP2CB	TCGA-SARC	3
ENSG00000104219	ZDHHC2	TCGA-SKCM	3
ENSG00000103197	TSC2	TCGA-LIHC	3
ENSG00000103126	AXIN1	TCGA-LIHC	3
ENSG00000102974	CTCF	TCGA-LAML	3
ENSG00000102699	PARP4	TCGA-COAD	3
ENSG00000102554	KLF5	TCGA-BLCA	3
ENSG00000102034	ELF4	TCGA-LAML	3
ENSG00000101972	STAG2	TCGA-LUSC	3
ENSG00000101266	CSNK2A1	TCGA-CESC	3
ENSG00000101132	PFDN4	TCGA-KIRP	3
ENSG00000100503	NIN	TCGA-STAD	3
ENSG00000100503	NIN	TCGA-BRCA	3
ENSG00000100393	EP300	TCGA-ESCA	3
ENSG00000099804	CDC34	TCGA-THCA	3
ENSG00000095319	NUP188	TCGA-COAD	3
ENSG00000095015	MAP3K1	TCGA-CESC	3
ENSG00000092529	CAPN3	TCGA-HNSC	3
ENSG00000091831	ESR1	TCGA-UCEC	3
ENSG00000089737	DDX24	TCGA-SARC	3
ENSG00000088038	CNOT3	TCGA-PRAD	3
ENSG00000087494	PTHLH	TCGA-COAD	3
ENSG00000086015	MAST2	TCGA-THCA	3
ENSG00000085563	ABCB1	TCGA-ESCA	3
ENSG00000085224	ATRX	TCGA-LGG	3
ENSG00000083857	FAT1	TCGA-LUSC	3
ENSG00000081237	PTPRC	TCGA-COAD	3
ENSG00000074356	C17orf85	TCGA-THCA	3
ENSG00000073282	TP63	TCGA-BLCA	3
ENSG00000070778	PTPN21	TCGA-PRAD	3
ENSG00000070031	SCT	TCGA-KIRP	3
ENSG00000064601	CTSA	TCGA-SKCM	3
ENSG00000064012	CASP8	TCGA-HNSC	3
ENSG00000063244	U2AF2	TCGA-LAML	3
ENSG00000057657	PRDM1	TCGA-PRAD	3
ENSG00000056586	RC3H2	TCGA-LIHC	3
ENSG00000056291	NPFFR2	TCGA-LUSC	3
ENSG00000055609	KMT2C	TCGA-LIHC	3
ENSG00000055609	KMT2C	TCGA-HNSC	3
ENSG00000049618	ARID1B	TCGA-LIHC	3
ENSG00000043591	ADRB1	TCGA-STAD	3
ENSG00000039068	CDH1	TCGA-STAD	3
ENSG00000036257	CUL3	TCGA-KIRP	3
ENSG00000029363	BCLAF1	TCGA-LAML	3
ENSG00000027697	IFNGR1	TCGA-CESC	3
ENSG00000024422	EHD2	TCGA-PRAD	3
ENSG00000008130	NADK	TCGA-SKCM	3
ENSG00000006757	PNPLA4	TCGA-UCEC	3
ENSG00000006071	ABCC8	TCGA-THCA	3
ENSG00000005339	CREBBP	TCGA-LUSC	3
ENSG00000004838	ZMYND10	TCGA-ESCA	3
ENSG00000002746	HECW1	TCGA-LAML	3
ENSG00000277775	H3C7	TCGA-BLCA	2
ENSG00000277224	H2BC7	TCGA-HNSC	2
ENSG00000277150	F8A3	TCGA-LUSC	2
ENSG00000274523	RCC1L	TCGA-KIRP	2
ENSG00000266472	MRPS21	TCGA-LUSC	2
ENSG00000258453	OR11H2	TCGA-KIRC	2
ENSG00000257923	CUX1	TCGA-GBM	2
ENSG00000255245	FXYD6-FXYD2	TCGA-TGCT	2
ENSG00000254505	CHMP4A	TCGA-KIRC	2
ENSG00000253251	CTC-534A2.2	TCGA-SARC	2
ENSG00000249751	ECSCR	TCGA-STAD	2
ENSG00000248672	LY75-CD302	TCGA-LAML	2
ENSG00000243896	OR2A7	TCGA-THCA	2
ENSG00000243811	APOBEC3D	TCGA-PAAD	2
ENSG00000242616	GNG10	TCGA-TGCT	2
ENSG00000241685	ARPC1A	TCGA-BLCA	2
ENSG00000234745	HLA-B	TCGA-CESC	2
ENSG00000224982	TMEM233	TCGA-HNSC	2
ENSG00000222046	DCDC2B	TCGA-SARC	2
ENSG00000221888	OR1C1	TCGA-LUSC	2
ENSG00000214819	CDRT15L2	TCGA-KICH	2
ENSG00000213741	RPS29	TCGA-LGG	2
ENSG00000213614	HEXA	TCGA-STAD	2
ENSG00000213401	MAGEA12	TCGA-BLCA	2
ENSG00000213281	NRAS	TCGA-LAML	2
ENSG00000205923	CEMP1	TCGA-LGG	2
ENSG00000204209	DAXX	TCGA-ACC	2
ENSG00000198954	KIAA1279	TCGA-SKCM	2
ENSG00000198899	MT-ATP6	TCGA-MESO	2
ENSG00000198300	PEG3	TCGA-PAAD	2
ENSG00000198208	RPS6KL1	TCGA-LGG	2
ENSG00000198053	SIRPA	TCGA-COAD	2
ENSG00000198042	MAK16	TCGA-CESC	2
ENSG00000197885	NKIRAS1	TCGA-LGG	2
ENSG00000197253	TPSB2	TCGA-STAD	2
ENSG00000196712	NF1	TCGA-LAML	2
ENSG00000196712	NF1	TCGA-ACC	2
ENSG00000196220	SRGAP3	TCGA-SKCM	2
ENSG00000196159	FAT4	TCGA-HNSC	2
ENSG00000196152	ZNF79	TCGA-LGG	2
ENSG00000189079	ARID2	TCGA-BLCA	2
ENSG00000188636	LDOC1L	TCGA-SARC	2
ENSG00000187535	IFT140	TCGA-STAD	2
ENSG00000187260	WDR86	TCGA-LUSC	2
ENSG00000186910	SERPINA11	TCGA-GBM	2
ENSG00000186660	ZFP91	TCGA-BLCA	2
ENSG00000186174	BCL9L	TCGA-READ	2
ENSG00000186141	POLR3C	TCGA-UCEC	2
ENSG00000185950	IRS2	TCGA-HNSC	2
ENSG00000185482	STAC3	TCGA-KIRP	2
ENSG00000185352	HS6ST3	TCGA-PCPG	2
ENSG00000184954	OR6C70	TCGA-SARC	2
ENSG00000184860	SDR42E1	TCGA-BRCA	2
ENSG00000184634	MED12	TCGA-PRAD	2
ENSG00000184374	COLEC10	TCGA-STAD	2
ENSG00000183798	EMILIN3	TCGA-LUSC	2
ENSG00000183454	GRIN2A	TCGA-BLCA	2
ENSG00000182890	GLUD2	TCGA-PRAD	2
ENSG00000182315	MBD3L3	TCGA-LIHC	2
ENSG00000182054	IDH2	TCGA-LAML	2
ENSG00000181963	OR52K2	TCGA-PRAD	2
ENSG00000181555	SETD2	TCGA-MESO	2
ENSG00000181555	SETD2	TCGA-BLCA	2
ENSG00000181418	DDN	TCGA-STAD	2
ENSG00000179295	PTPN11	TCGA-READ	2
ENSG00000179008	C14orf39	TCGA-UCS	2
ENSG00000178952	TUFM	TCGA-BLCA	2
ENSG00000178645	C10orf53	TCGA-PCPG	2
ENSG00000178568	ERBB4	TCGA-ESCA	2
ENSG00000177595	PIDD	TCGA-SKCM	2
ENSG00000177426	TGIF1	TCGA-READ	2
ENSG00000176922	OR51S1	TCGA-LUSC	2
ENSG00000176678	FOXL1	TCGA-LGG	2
ENSG00000175787	ZNF169	TCGA-HNSC	2
ENSG00000175182	FAM131A	TCGA-PAAD	2
ENSG00000175054	ATR	TCGA-SKCM	2
ENSG00000174775	HRAS	TCGA-BLCA	2
ENSG00000173926	MARCHF3	TCGA-KIRP	2
ENSG00000173674	EIF1AX	TCGA-UVM	2
ENSG00000173338	KCNK7	TCGA-SARC	2
ENSG00000172915	NBEA	TCGA-ESCA	2
ENSG00000172350	ABCG4	TCGA-STAD	2
ENSG00000172348	RCAN2	TCGA-BLCA	2
ENSG00000172199	OR8U1	TCGA-UCEC	2
ENSG00000172113	NME6	TCGA-UCEC	2
ENSG00000172046	USP19	TCGA-UCEC	2
ENSG00000171916	LGALS9C	TCGA-ESCA	2
ENSG00000171862	PTEN	TCGA-UCS	2
ENSG00000171862	PTEN	TCGA-KICH	2
ENSG00000171862	PTEN	TCGA-BLCA	2
ENSG00000171517	LPAR3	TCGA-BLCA	2
ENSG00000171456	ASXL1	TCGA-PRAD	2
ENSG00000171456	ASXL1	TCGA-LAML	2
ENSG00000171307	ZDHHC16	TCGA-HNSC	2
ENSG00000171206	TRIM8	TCGA-LUSC	2
ENSG00000171094	ALK	TCGA-PRAD	2
ENSG00000171094	ALK	TCGA-BRCA	2
ENSG00000170961	HAS2	TCGA-BLCA	2
ENSG00000170790	OR10A2	TCGA-STAD	2
ENSG00000170128	GPR25	TCGA-HNSC	2
ENSG00000170004	CHD3	TCGA-SKCM	2
ENSG00000169903	TM4SF4	TCGA-UCEC	2
ENSG00000169474	SPRR1A	TCGA-KIRP	2
ENSG00000169083	AR	TCGA-CHOL	2
ENSG00000168702	LRP1B	TCGA-UCS	2
ENSG00000168702	LRP1B	TCGA-STAD	2
ENSG00000168702	LRP1B	TCGA-PAAD	2
ENSG00000168702	LRP1B	TCGA-ESCA	2
ENSG00000168702	LRP1B	TCGA-COAD	2
ENSG00000168300	PCMTD1	TCGA-LAML	2
ENSG00000168036	CTNNB1	TCGA-READ	2
ENSG00000167874	TMEM88	TCGA-BRCA	2
ENSG00000167100	SAMD14	TCGA-THCA	2
ENSG00000167074	TEF	TCGA-HNSC	2
ENSG00000166925	TSC22D4	TCGA-LGG	2
ENSG00000166501	PRKCB	TCGA-STAD	2
ENSG00000165792	METTL17	TCGA-PRAD	2
ENSG00000165731	RET	TCGA-SKCM	2
ENSG00000165495	PKNOX2	TCGA-SARC	2
ENSG00000165238	WNK2	TCGA-COAD	2
ENSG00000164900	GBX1	TCGA-BLCA	2
ENSG00000164334	FAM170A	TCGA-UCEC	2
ENSG00000164307	ERAP1	TCGA-COAD	2
ENSG00000163939	PBRM1	TCGA-ESCA	2
ENSG00000163930	BAP1	TCGA-MESO	2
ENSG00000163513	TGFBR2	TCGA-READ	2
ENSG00000163072	NOSTRIN	TCGA-SARC	2
ENSG00000162972	C2orf47	TCGA-SKCM	2
ENSG00000162814	SPATA17	TCGA-PAAD	2
ENSG00000162643	WDR63	TCGA-PRAD	2
ENSG00000162493	PDPN	TCGA-PAAD	2
ENSG00000160339	FCN2	TCGA-LIHC	2
ENSG00000160325	CACFD1	TCGA-TGCT	2
ENSG00000159640	ACE	TCGA-LUSC	2
ENSG00000159216	RUNX1	TCGA-LAML	2
ENSG00000157764	BRAF	TCGA-PRAD	2
ENSG00000157764	BRAF	TCGA-GBM	2
ENSG00000157404	KIT	TCGA-LAML	2
ENSG00000157388	CACNA1D	TCGA-LIHC	2
ENSG00000157388	CACNA1D	TCGA-GBM	2
ENSG00000157150	TIMP4	TCGA-ESCA	2
ENSG00000157020	SEC13	TCGA-THCA	2
ENSG00000156873	PHKG2	TCGA-KIRC	2
ENSG00000156172	C8orf37	TCGA-BLCA	2
ENSG00000156110	ADK	TCGA-READ	2
ENSG00000154803	FLCN	TCGA-READ	2
ENSG00000154269	ENPP3	TCGA-LUSC	2
ENSG00000154122	ANKH	TCGA-PCPG	2
ENSG00000153404	PLEKHG4B	TCGA-SARC	2
ENSG00000152669	CCNO	TCGA-PRAD	2
ENSG00000151657	KIN	TCGA-LIHC	2
ENSG00000151332	MBIP	TCGA-SARC	2
ENSG00000150457	LATS2	TCGA-LUSC	2
ENSG00000149311	ATM	TCGA-PRAD	2
ENSG00000149311	ATM	TCGA-ESCA	2
ENSG00000149311	ATM	TCGA-BLCA	2
ENSG00000149089	APIP	TCGA-STAD	2
ENSG00000148737	TCF7L2	TCGA-COAD	2
ENSG00000148400	NOTCH1	TCGA-ESCA	2
ENSG00000148154	UGCG	TCGA-BLCA	2
ENSG00000147889	CDKN2A	TCGA-PAAD	2
ENSG00000147383	NSDHL	TCGA-SARC	2
ENSG00000147065	MSN	TCGA-ESCA	2
ENSG00000147050	KDM6A	TCGA-PRAD	2
ENSG00000146676	PURB	TCGA-LGG	2
ENSG00000145824	CXCL14	TCGA-GBM	2
ENSG00000145439	CBR4	TCGA-THCA	2
ENSG00000145337	PYURF	TCGA-SARC	2
ENSG00000144554	FANCD2	TCGA-READ	2
ENSG00000143970	ASXL2	TCGA-LAML	2
ENSG00000143924	EML4	TCGA-ESCA	2
ENSG00000143862	ARL8A	TCGA-PCPG	2
ENSG00000143498	TAF1A	TCGA-UCS	2
ENSG00000143390	RFX5	TCGA-UCEC	2
ENSG00000143162	CREG1	TCGA-LUSC	2
ENSG00000141971	MVB12A	TCGA-LAML	2
ENSG00000141867	BRD4	TCGA-BLCA	2
ENSG00000141753	IGFBP4	TCGA-LGG	2
ENSG00000141736	ERBB2	TCGA-ESCA	2
ENSG00000141736	ERBB2	TCGA-BLCA	2
ENSG00000141646	SMAD4	TCGA-ESCA	2
ENSG00000141510	TP53	TCGA-STAD	2
ENSG00000141510	TP53	TCGA-PAAD	2
ENSG00000141510	TP53	TCGA-MESO	2
ENSG00000141510	TP53	TCGA-LAML	2
ENSG00000141510	TP53	TCGA-GBM	2
ENSG00000140459	CYP11A1	TCGA-SKCM	2
ENSG00000139687	RB1	TCGA-UCS	2
ENSG00000139687	RB1	TCGA-ESCA	2
ENSG00000139370	SLC15A4	TCGA-KIRC	2
ENSG00000138738	PRDM5	TCGA-STAD	2
ENSG00000138642	HERC6	TCGA-LGG	2
ENSG00000138115	CYP2C8	TCGA-SKCM	2
ENSG00000137968	SLC44A5	TCGA-BLCA	2
ENSG00000136869	TLR4	TCGA-HNSC	2
ENSG00000135829	DHX9	TCGA-LIHC	2
ENSG00000135111	TBX3	TCGA-READ	2
ENSG00000134265	NAPG	TCGA-PRAD	2
ENSG00000134153	EMC7	TCGA-COAD	2
ENSG00000133818	RRAS2	TCGA-UCEC	2
ENSG00000133703	KRAS	TCGA-ESCA	2
ENSG00000133265	HSPBP1	TCGA-LUSC	2
ENSG00000131831	RAI2	TCGA-UCEC	2
ENSG00000131634	TMEM204	TCGA-UCEC	2
ENSG00000131558	EXOC4	TCGA-LIHC	2
ENSG00000131023	LATS1	TCGA-PAAD	2
ENSG00000130779	CLIP1	TCGA-CESC	2
ENSG00000128908	INO80	TCGA-DLBC	2
ENSG00000128714	HOXD13	TCGA-ESCA	2
ENSG00000128513	POT1	TCGA-UCEC	2
ENSG00000127954	STEAP4	TCGA-COAD	2
ENSG00000127946	HIP1	TCGA-UCS	2
ENSG00000127870	RNF6	TCGA-COAD	2
ENSG00000127616	SMARCA4	TCGA-READ	2
ENSG00000127616	SMARCA4	TCGA-BLCA	2
ENSG00000125945	ZNF436	TCGA-PRAD	2
ENSG00000125787	GNRH2	TCGA-ACC	2
ENSG00000124813	RUNX2	TCGA-UCEC	2
ENSG00000124802	EEF1E1	TCGA-LUSC	2
ENSG00000123983	ACSL3	TCGA-LAML	2
ENSG00000121989	ACVR2A	TCGA-PAAD	2
ENSG00000121879	PIK3CA	TCGA-PRAD	2
ENSG00000121879	PIK3CA	TCGA-PAAD	2
ENSG00000121879	PIK3CA	TCGA-ESCA	2
ENSG00000121879	PIK3CA	TCGA-CHOL	2
ENSG00000121644	DESI2	TCGA-UCEC	2
ENSG00000121067	SPOP	TCGA-UCS	2
ENSG00000119977	TCTN3	TCGA-LGG	2
ENSG00000119699	TGFB3	TCGA-LIHC	2
ENSG00000119471	HSDL2	TCGA-UCEC	2
ENSG00000117713	ARID1A	TCGA-UCEC	2
ENSG00000117298	ECE1	TCGA-SKCM	2
ENSG00000116199	FAM20B	TCGA-SKCM	2
ENSG00000116014	KISS1R	TCGA-UVM	2
ENSG00000115760	BIRC6	TCGA-LIHC	2
ENSG00000115760	BIRC6	TCGA-COAD	2
ENSG00000115524	SF3B1	TCGA-PRAD	2
ENSG00000115524	SF3B1	TCGA-PAAD	2
ENSG00000115170	ACVR1	TCGA-UCEC	2
ENSG00000114978	MOB1A	TCGA-CESC	2
ENSG00000114948	ADAM23	TCGA-ESCA	2
ENSG00000114933	INO80D	TCGA-MESO	2
ENSG00000114573	ATP6V1A	TCGA-PRAD	2
ENSG00000114021	NIT2	TCGA-KIRC	2
ENSG00000113721	PDGFRB	TCGA-UCS	2
ENSG00000111729	CLEC4A	TCGA-READ	2
ENSG00000111642	CHD4	TCGA-UCS	2
ENSG00000110172	CHORDC1	TCGA-TGCT	2
ENSG00000109743	BST1	TCGA-ESCA	2
ENSG00000108861	DUSP3	TCGA-PRAD	2
ENSG00000108821	COL1A1	TCGA-SKCM	2
ENSG00000108510	MED13	TCGA-LIHC	2
ENSG00000108389	MTMR4	TCGA-STAD	2
ENSG00000108375	RNF43	TCGA-ESCA	2
ENSG00000108375	RNF43	TCGA-CHOL	2
ENSG00000108256	NUFIP2	TCGA-STAD	2
ENSG00000106683	LIMK1	TCGA-STAD	2
ENSG00000105971	CAV2	TCGA-PAAD	2
ENSG00000105865	DUS4L	TCGA-PCPG	2
ENSG00000104904	OAZ1	TCGA-UCEC	2
ENSG00000104408	EIF3E	TCGA-READ	2
ENSG00000102174	PHEX	TCGA-PCPG	2
ENSG00000101972	STAG2	TCGA-LAML	2
ENSG00000101972	STAG2	TCGA-BLCA	2
ENSG00000101343	CRNKL1	TCGA-SKCM	2
ENSG00000100852	ARHGAP5	TCGA-BLCA	2
ENSG00000100842	EFS	TCGA-CESC	2
ENSG00000100697	DICER1	TCGA-READ	2
ENSG00000100410	PHF5A	TCGA-KIRP	2
ENSG00000100393	EP300	TCGA-LUSC	2
ENSG00000100393	EP300	TCGA-COAD	2
ENSG00000100347	SAMM50	TCGA-STAD	2
ENSG00000100345	MYH9	TCGA-READ	2
ENSG00000099949	LZTR1	TCGA-UCEC	2
ENSG00000099949	LZTR1	TCGA-PAAD	2
ENSG00000099949	LZTR1	TCGA-GBM	2
ENSG00000099326	MZF1	TCGA-LIHC	2
ENSG00000096654	ZNF184	TCGA-UCEC	2
ENSG00000096088	PGC	TCGA-PRAD	2
ENSG00000095585	BLNK	TCGA-COAD	2
ENSG00000095397	DFNB31	TCGA-BLCA	2
ENSG00000095383	TBC1D2	TCGA-PAAD	2
ENSG00000093000	NUP50	TCGA-LUSC	2
ENSG00000091436	MLTK	TCGA-SKCM	2
ENSG00000090372	STRN4	TCGA-UCEC	2
ENSG00000090339	ICAM1	TCGA-HNSC	2
ENSG00000089737	DDX24	TCGA-ESCA	2
ENSG00000088876	ZNF343	TCGA-LIHC	2
ENSG00000088256	GNA11	TCGA-SKCM	2
ENSG00000087460	GNAS	TCGA-ESCA	2
ENSG00000085224	ATRX	TCGA-ACC	2
ENSG00000085185	BCORL1	TCGA-READ	2
ENSG00000085117	CD82	TCGA-SKCM	2
ENSG00000083857	FAT1	TCGA-PRAD	2
ENSG00000083857	FAT1	TCGA-LIHC	2
ENSG00000083642	PDS5B	TCGA-LUAD	2
ENSG00000083168	KAT6A	TCGA-ESCA	2
ENSG00000077782	FGFR1	TCGA-BLCA	2
ENSG00000074964	ARHGEF10L	TCGA-STAD	2
ENSG00000074696	PTPLAD1	TCGA-UCEC	2
ENSG00000073670	ADAM11	TCGA-ACC	2
ENSG00000072518	MARK2	TCGA-PAAD	2
ENSG00000071626	DAZAP1	TCGA-DLBC	2
ENSG00000071537	SEL1L	TCGA-READ	2
ENSG00000068078	FGFR3	TCGA-MESO	2
ENSG00000067057	PFKP	TCGA-THCA	2
ENSG00000065526	SPEN	TCGA-DLBC	2
ENSG00000064012	CASP8	TCGA-BLCA	2
ENSG00000055609	KMT2C	TCGA-READ	2
ENSG00000055609	KMT2C	TCGA-PRAD	2
ENSG00000055609	KMT2C	TCGA-PAAD	2
ENSG00000054356	PTPRN	TCGA-BLCA	2
ENSG00000049618	ARID1B	TCGA-PAAD	2
ENSG00000046889	PREX2	TCGA-ESCA	2
ENSG00000044524	EPHA3	TCGA-COAD	2
ENSG00000039068	CDH1	TCGA-BLCA	2
ENSG00000038274	MAT2B	TCGA-UCEC	2
ENSG00000019995	ZRANB1	TCGA-LUSC	2
ENSG00000013561	RNF14	TCGA-LUSC	2
ENSG00000012504	NR1H4	TCGA-UVM	2
ENSG00000006831	ADIPOR2	TCGA-LGG	2
ENSG00000006453	BAIAP2L1	TCGA-UCEC	2
ENSG00000005339	CREBBP	TCGA-LIHC	2
ENSG00000005175	RPAP3	TCGA-SARC	2
ENSG00000284194	SCO2	TCGA-BRCA	1
ENSG00000280987	MATR3	TCGA-PCPG	1
ENSG00000278828	H3C10	TCGA-BLCA	1
ENSG00000277858	H2AB2	TCGA-SKCM	1
ENSG00000277791	PSMB3	TCGA-PCPG	1
ENSG00000274391	TPTE	TCGA-STAD	1
ENSG00000273749	CYFIP1	TCGA-MESO	1
ENSG00000269858	EGLN2	TCGA-BRCA	1
ENSG00000268447	SSX2B	TCGA-LGG	1
ENSG00000267618	RAD51L3-RFFL	TCGA-UVM	1
ENSG00000263464	PPIAL4C	TCGA-BRCA	1
ENSG00000257335	MGAM	TCGA-BRCA	1
ENSG00000256683	ZNF350	TCGA-STAD	1
ENSG00000253251	CTC-534A2.2	TCGA-LGG	1
ENSG00000243943	ZNF512	TCGA-UVM	1
ENSG00000243943	ZNF512	TCGA-HNSC	1
ENSG00000243725	TTC4	TCGA-HNSC	1
ENSG00000243649	CFB	TCGA-KICH	1
ENSG00000243543	WFDC6	TCGA-UCS	1
ENSG00000243543	WFDC6	TCGA-PAAD	1
ENSG00000236287	ZBED5	TCGA-LUAD	1
ENSG00000235268	KDM4E	TCGA-SARC	1
ENSG00000234965	SHISA8	TCGA-SARC	1
ENSG00000234745	HLA-B	TCGA-DLBC	1
ENSG00000233917	POTEB	TCGA-SKCM	1
ENSG00000233670	PIRT	TCGA-BRCA	1
ENSG00000230510	PPP5D1	TCGA-PAAD	1
ENSG00000226761	TAS2R46	TCGA-STAD	1
ENSG00000226288	OR52I2	TCGA-SKCM	1
ENSG00000221836	OR2A5	TCGA-LUSC	1
ENSG00000217555	CKLF	TCGA-PRAD	1
ENSG00000215301	DDX3X	TCGA-DLBC	1
ENSG00000214827	MTCP1	TCGA-COAD	1
ENSG00000214595	EML6	TCGA-LUAD	1
ENSG00000214511	HIGD1C	TCGA-PAAD	1
ENSG00000213999	MEF2B	TCGA-DLBC	1
ENSG00000213995	CARKD	TCGA-LIHC	1
ENSG00000213918	DNASE1	TCGA-THCA	1
ENSG00000213639	PPP1CB	TCGA-UVM	1
ENSG00000213420	GPC2	TCGA-LUSC	1
ENSG00000213281	NRAS	TCGA-PAAD	1
ENSG00000213281	NRAS	TCGA-CHOL	1
ENSG00000212128	TAS2R13	TCGA-MESO	1
ENSG00000206503	HLA-A	TCGA-LAML	1
ENSG00000206503	HLA-A	TCGA-DLBC	1
ENSG00000206503	HLA-A	TCGA-BLCA	1
ENSG00000205981	DNAJC19	TCGA-LUAD	1
ENSG00000205542	TMSB4X	TCGA-PAAD	1
ENSG00000204569	PPP1R10	TCGA-BLCA	1
ENSG00000204472	AIF1	TCGA-PCPG	1
ENSG00000204366	ZBTB12	TCGA-STAD	1
ENSG00000204257	HLA-DMA	TCGA-LAML	1
ENSG00000203995	ZYG11A	TCGA-PAAD	1
ENSG00000203710	CR1	TCGA-LAML	1
ENSG00000198929	NOS1AP	TCGA-PCPG	1
ENSG00000198833	UBE2J1	TCGA-PCPG	1
ENSG00000198793	MTOR	TCGA-LIHC	1
ENSG00000198286	CARD11	TCGA-DLBC	1
ENSG00000198053	SIRPA	TCGA-READ	1
ENSG00000197891	SLC22A12	TCGA-BRCA	1
ENSG00000197872	FAM49A	TCGA-TGCT	1
ENSG00000197785	ATAD3A	TCGA-PRAD	1
ENSG00000197646	PDCD1LG2	TCGA-SKCM	1
ENSG00000197497	ZNF665	TCGA-LUSC	1
ENSG00000197045	GMFB	TCGA-STAD	1
ENSG00000196850	PPTC7	TCGA-UCS	1
ENSG00000196712	NF1	TCGA-GBM	1
ENSG00000196712	NF1	TCGA-CHOL	1
ENSG00000196632	WNK3	TCGA-THCA	1
ENSG00000196505	GDAP2	TCGA-LUSC	1
ENSG00000196465	MYL6B	TCGA-SKCM	1
ENSG00000196367	TRRAP	TCGA-CHOL	1
ENSG00000196367	TRRAP	TCGA-BLCA	1
ENSG00000196171	OR6K2	TCGA-BRCA	1
ENSG00000196159	FAT4	TCGA-STAD	1
ENSG00000196159	FAT4	TCGA-PRAD	1
ENSG00000196159	FAT4	TCGA-PAAD	1
ENSG00000196159	FAT4	TCGA-MESO	1
ENSG00000196159	FAT4	TCGA-ACC	1
ENSG00000196141	SPATS2L	TCGA-TGCT	1
ENSG00000196090	PTPRT	TCGA-HNSC	1
ENSG00000196081	ZNF724P	TCGA-ESCA	1
ENSG00000189326	SPANXN4	TCGA-PAAD	1
ENSG00000189283	FHIT	TCGA-DLBC	1
ENSG00000188916	FAM196A	TCGA-BRCA	1
ENSG00000188580	NKAIN2	TCGA-PRAD	1
ENSG00000188549	C15orf52	TCGA-PAAD	1
ENSG00000188508	KRTDAP	TCGA-PAAD	1
ENSG00000188404	SELL	TCGA-MESO	1
ENSG00000187527	ATP13A5	TCGA-SARC	1
ENSG00000187257	RSBN1L	TCGA-LUSC	1
ENSG00000186827	TNFRSF4	TCGA-BRCA	1
ENSG00000186088	GSAP	TCGA-PAAD	1
ENSG00000185875	THNSL1	TCGA-MESO	1
ENSG00000185823	NPAP1	TCGA-GBM	1
ENSG00000185504	C17orf70	TCGA-LUSC	1
ENSG00000185482	STAC3	TCGA-CESC	1
ENSG00000185420	SMYD3	TCGA-KIRC	1
ENSG00000185414	MRPL30	TCGA-LGG	1
ENSG00000185379	RAD51D	TCGA-UCEC	1
ENSG00000185122	HSF1	TCGA-PAAD	1
ENSG00000184995	IFNE	TCGA-LIHC	1
ENSG00000184995	IFNE	TCGA-BLCA	1
ENSG00000184304	PRKD1	TCGA-TGCT	1
ENSG00000184076	UQCR10	TCGA-PAAD	1
ENSG00000183873	SCN5A	TCGA-PCPG	1
ENSG00000183856	IQGAP3	TCGA-TGCT	1
ENSG00000183421	RIPK4	TCGA-BRCA	1
ENSG00000183337	BCOR	TCGA-GBM	1
ENSG00000183111	ARHGEF37	TCGA-UCEC	1
ENSG00000182872	RBM10	TCGA-PAAD	1
ENSG00000182872	RBM10	TCGA-CHOL	1
ENSG00000182631	RXFP3	TCGA-TGCT	1
ENSG00000182472	CAPN12	TCGA-BRCA	1
ENSG00000182162	P2RY8	TCGA-DLBC	1
ENSG00000182132	KCNIP1	TCGA-SKCM	1
ENSG00000182022	CHST15	TCGA-TGCT	1
ENSG00000181649	PHLDA2	TCGA-STAD	1
ENSG00000180998	GPR137C	TCGA-COAD	1
ENSG00000180953	ST20	TCGA-PRAD	1
ENSG00000180638	SLC47A2	TCGA-BRCA	1
ENSG00000180530	NRIP1	TCGA-PRAD	1
ENSG00000180190	TDRP	TCGA-PAAD	1
ENSG00000179751	SYCN	TCGA-PAAD	1
ENSG00000179085	DPM3	TCGA-PAAD	1
ENSG00000178997	EXD1	TCGA-STAD	1
ENSG00000178691	SUZ12	TCGA-LAML	1
ENSG00000178568	ERBB4	TCGA-BLCA	1
ENSG00000178462	TUBAL3	TCGA-SARC	1
ENSG00000177693	OR4F4	TCGA-HNSC	1
ENSG00000177076	ACER2	TCGA-PAAD	1
ENSG00000176749	CDK5R1	TCGA-LUAD	1
ENSG00000176383	B3GNT4	TCGA-SKCM	1
ENSG00000176358	TAC4	TCGA-LAML	1
ENSG00000176170	SPHK1	TCGA-GBM	1
ENSG00000176009	ASCL3	TCGA-KIRC	1
ENSG00000175787	ZNF169	TCGA-TGCT	1
ENSG00000175544	CABP4	TCGA-TGCT	1
ENSG00000175518	UBQLNL	TCGA-TGCT	1
ENSG00000175387	SMAD2	TCGA-READ	1
ENSG00000175322	ZNF519	TCGA-PAAD	1
ENSG00000174775	HRAS	TCGA-SKCM	1
ENSG00000174720	LARP7	TCGA-STAD	1
ENSG00000174579	MSL2	TCGA-LUAD	1
ENSG00000174576	NPAS4	TCGA-TGCT	1
ENSG00000174136	RGMB	TCGA-BLCA	1
ENSG00000173821	RNF213	TCGA-ESCA	1
ENSG00000173464	RNASE11	TCGA-BRCA	1
ENSG00000173334	TRIB1	TCGA-LUSC	1
ENSG00000173253	DMRT2	TCGA-LUAD	1
ENSG00000172936	MYD88	TCGA-DLBC	1
ENSG00000172915	NBEA	TCGA-SKCM	1
ENSG00000172915	NBEA	TCGA-PAAD	1
ENSG00000172794	RAB37	TCGA-SKCM	1
ENSG00000172243	CLEC7A	TCGA-UCEC	1
ENSG00000172146	OR1A1	TCGA-PCPG	1
ENSG00000171862	PTEN	TCGA-PRAD	1
ENSG00000171862	PTEN	TCGA-LIHC	1
ENSG00000171862	PTEN	TCGA-CHOL	1
ENSG00000171714	ANO5	TCGA-LUAD	1
ENSG00000171466	ZNF562	TCGA-PAAD	1
ENSG00000171385	KCND3	TCGA-MESO	1
ENSG00000171357	LURAP1	TCGA-LIHC	1
ENSG00000171346	KRT15	TCGA-LUSC	1
ENSG00000171044	XKR6	TCGA-TGCT	1
ENSG00000170837	GPR27	TCGA-UCS	1
ENSG00000170745	KCNS3	TCGA-KIRC	1
ENSG00000170523	KRT83	TCGA-KIRC	1
ENSG00000170442	KRT86	TCGA-MESO	1
ENSG00000170191	NANP	TCGA-READ	1
ENSG00000170162	VGLL2	TCGA-PAAD	1
ENSG00000170004	CHD3	TCGA-CESC	1
ENSG00000169992	NLGN2	TCGA-LGG	1
ENSG00000169679	BUB1	TCGA-UCEC	1
ENSG00000169564	PCBP1	TCGA-READ	1
ENSG00000169314	C22orf15	TCGA-KIRC	1
ENSG00000169306	IL1RAPL1	TCGA-LUAD	1
ENSG00000169083	AR	TCGA-DLBC	1
ENSG00000168807	SNTB2	TCGA-UVM	1
ENSG00000168778	TCTN2	TCGA-GBM	1
ENSG00000168702	LRP1B	TCGA-LAML	1
ENSG00000168702	LRP1B	TCGA-GBM	1
ENSG00000168404	MLKL	TCGA-LIHC	1
ENSG00000168259	DNAJC7	TCGA-SKCM	1
ENSG00000168036	CTNNB1	TCGA-COAD	1
ENSG00000167984	NLRC3	TCGA-TGCT	1
ENSG00000167978	SRRM2	TCGA-PCPG	1
ENSG00000167548	KMT2D	TCGA-STAD	1
ENSG00000167548	KMT2D	TCGA-PAAD	1
ENSG00000167397	VKORC1	TCGA-BRCA	1
ENSG00000167393	PPP2R3B	TCGA-PAAD	1
ENSG00000167081	PBX3	TCGA-SARC	1
ENSG00000166710	B2M	TCGA-DLBC	1
ENSG00000165887	ANKRD2	TCGA-PAAD	1
ENSG00000165699	TSC1	TCGA-LIHC	1
ENSG00000165238	WNK2	TCGA-READ	1
ENSG00000164649	CDCA7L	TCGA-BLCA	1
ENSG00000164329	PAPD4	TCGA-LGG	1
ENSG00000164120	HPGD	TCGA-GBM	1
ENSG00000164114	MAP9	TCGA-ACC	1
ENSG00000163930	BAP1	TCGA-ESCA	1
ENSG00000163918	RFC4	TCGA-LUSC	1
ENSG00000163879	DNALI1	TCGA-BRCA	1
ENSG00000163792	TCF23	TCGA-PCPG	1
ENSG00000163754	GYG1	TCGA-ACC	1
ENSG00000163738	MTHFD2L	TCGA-BRCA	1
ENSG00000163435	ELF3	TCGA-CHOL	1
ENSG00000163319	MRPS18C	TCGA-BRCA	1
ENSG00000162929	KIAA1841	TCGA-BRCA	1
ENSG00000162613	FUBP1	TCGA-LGG	1
ENSG00000162413	KLHL21	TCGA-ACC	1
ENSG00000162365	CYP4A22	TCGA-ESCA	1
ENSG00000162105	SHANK2	TCGA-SKCM	1
ENSG00000162063	CCNF	TCGA-PCPG	1
ENSG00000161992	C16orf11	TCGA-UCEC	1
ENSG00000161547	SRSF2	TCGA-LAML	1
ENSG00000160957	RECQL4	TCGA-STAD	1
ENSG00000160753	RUSC1	TCGA-BRCA	1
ENSG00000160685	ZBTB7B	TCGA-UCS	1
ENSG00000160202	CRYAA	TCGA-SARC	1
ENSG00000160201	U2AF1	TCGA-PAAD	1
ENSG00000160051	IQCC	TCGA-BRCA	1
ENSG00000159733	ZFYVE28	TCGA-TGCT	1
ENSG00000159455	LCE2B	TCGA-MESO	1
ENSG00000159063	ALG8	TCGA-BRCA	1
ENSG00000158516	CPA2	TCGA-READ	1
ENSG00000158125	XDH	TCGA-KIRC	1
ENSG00000158092	NCK1	TCGA-UCEC	1
ENSG00000158055	GRHL3	TCGA-PRAD	1
ENSG00000158006	PAFAH2	TCGA-LUSC	1
ENSG00000157873	TNFRSF14	TCGA-DLBC	1
ENSG00000157388	CACNA1D	TCGA-STAD	1
ENSG00000157017	GHRL	TCGA-PCPG	1
ENSG00000156983	BRPF1	TCGA-PAAD	1
ENSG00000156973	PDE6D	TCGA-PAAD	1
ENSG00000156959	LHFPL4	TCGA-UVM	1
ENSG00000156869	FRRS1	TCGA-LGG	1
ENSG00000156531	PHF6	TCGA-LAML	1
ENSG00000156030	ELMSAN1	TCGA-LUAD	1
ENSG00000155367	PPM1J	TCGA-UVM	1
ENSG00000155252	PI4K2A	TCGA-BLCA	1
ENSG00000154548	SRSF12	TCGA-BRCA	1
ENSG00000154227	CERS3	TCGA-READ	1
ENSG00000153914	SREK1	TCGA-PCPG	1
ENSG00000153896	ZNF599	TCGA-SARC	1
ENSG00000153291	SLC25A27	TCGA-PAAD	1
ENSG00000153250	RBMS1	TCGA-PRAD	1
ENSG00000153201	RANBP2	TCGA-PRAD	1
ENSG00000153044	CENPH	TCGA-BRCA	1
ENSG00000152784	PRDM8	TCGA-PCPG	1
ENSG00000151923	TIAL1	TCGA-LUAD	1
ENSG00000151718	WWC2	TCGA-PCPG	1
ENSG00000151694	ADAM17	TCGA-BLCA	1
ENSG00000151239	TWF1	TCGA-PCPG	1
ENSG00000151023	ENKUR	TCGA-LGG	1
ENSG00000150961	SEC24D	TCGA-LUAD	1
ENSG00000150687	PRSS23	TCGA-DLBC	1
ENSG00000149781	FERMT3	TCGA-UCEC	1
ENSG00000149654	CDH22	TCGA-LGG	1
ENSG00000149557	FEZ1	TCGA-PCPG	1
ENSG00000149499	EML3	TCGA-LUSC	1
ENSG00000149311	ATM	TCGA-PAAD	1
ENSG00000149231	CCDC82	TCGA-PAAD	1
ENSG00000148482	SLC39A12	TCGA-PAAD	1
ENSG00000148400	NOTCH1	TCGA-DLBC	1
ENSG00000147885	IFNA16	TCGA-ESCA	1
ENSG00000147799	ARHGAP39	TCGA-LUAD	1
ENSG00000147677	EIF3H	TCGA-UCS	1
ENSG00000147642	SYBU	TCGA-BRCA	1
ENSG00000147251	DOCK11	TCGA-BRCA	1
ENSG00000147050	KDM6A	TCGA-CHOL	1
ENSG00000146776	ATXN7L1	TCGA-BRCA	1
ENSG00000146540	C7orf50	TCGA-KIRC	1
ENSG00000146376	ARHGAP18	TCGA-LUSC	1
ENSG00000146233	CYP39A1	TCGA-PRAD	1
ENSG00000146232	NFKBIE	TCGA-DLBC	1
ENSG00000145681	HAPLN1	TCGA-BRCA	1
ENSG00000145675	PIK3R1	TCGA-UCS	1
ENSG00000145675	PIK3R1	TCGA-CHOL	1
ENSG00000145293	ENOPH1	TCGA-LUSC	1
ENSG00000145012	LPP	TCGA-HNSC	1
ENSG00000144848	ATG3	TCGA-KIRC	1
ENSG00000144445	KANSL1L	TCGA-LUSC	1
ENSG00000144290	SLC4A10	TCGA-KIRC	1
ENSG00000144152	FBLN7	TCGA-SARC	1
ENSG00000143971	ETAA1	TCGA-LIHC	1
ENSG00000143612	C1orf43	TCGA-LUSC	1
ENSG00000143507	DUSP10	TCGA-UCEC	1
ENSG00000143384	MCL1	TCGA-LUAD	1
ENSG00000143278	F13B	TCGA-PCPG	1
ENSG00000143194	MAEL	TCGA-PAAD	1
ENSG00000143079	CTTNBP2NL	TCGA-LGG	1
ENSG00000142871	CYR61	TCGA-COAD	1
ENSG00000142751	GPN2	TCGA-ACC	1
ENSG00000142534	RPS11	TCGA-BRCA	1
ENSG00000141744	PNMT	TCGA-STAD	1
ENSG00000141736	ERBB2	TCGA-CHOL	1
ENSG00000141646	SMAD4	TCGA-PAAD	1
ENSG00000141646	SMAD4	TCGA-CHOL	1
ENSG00000141510	TP53	TCGA-UCS	1
ENSG00000141367	CLTC	TCGA-CHOL	1
ENSG00000141200	KIF2B	TCGA-TGCT	1
ENSG00000141027	NCOR1	TCGA-PRAD	1
ENSG00000140836	ZFHX3	TCGA-PAAD	1
ENSG00000140538	NTRK3	TCGA-ESCA	1
ENSG00000140391	TSPAN3	TCGA-BRCA	1
ENSG00000139899	CBLN3	TCGA-PCPG	1
ENSG00000139718	SETD1B	TCGA-PAAD	1
ENSG00000139718	SETD1B	TCGA-ESCA	1
ENSG00000139631	CSAD	TCGA-PCPG	1
ENSG00000139618	BRCA2	TCGA-PAAD	1
ENSG00000139445	FOXN4	TCGA-PAAD	1
ENSG00000139178	C1RL	TCGA-UCS	1
ENSG00000139168	ZCRB1	TCGA-LAML	1
ENSG00000139133	ALG10	TCGA-BRCA	1
ENSG00000139083	ETV6	TCGA-DLBC	1
ENSG00000138698	RAP1GDS1	TCGA-ESCA	1
ENSG00000138413	IDH1	TCGA-GBM	1
ENSG00000138061	CYP1B1	TCGA-PAAD	1
ENSG00000137834	SMAD6	TCGA-PAAD	1
ENSG00000137714	FDX1	TCGA-COAD	1
ENSG00000137413	TAF8	TCGA-MESO	1
ENSG00000137265	IRF4	TCGA-DLBC	1
ENSG00000137193	PIM1	TCGA-DLBC	1
ENSG00000136997	MYC	TCGA-LAML	1
ENSG00000136732	GYPC	TCGA-LUSC	1
ENSG00000136197	C7orf25	TCGA-LGG	1
ENSG00000135973	GPR45	TCGA-UCEC	1
ENSG00000135972	MRPS9	TCGA-STAD	1
ENSG00000135821	GLUL	TCGA-BRCA	1
ENSG00000135486	HNRNPA1	TCGA-PAAD	1
ENSG00000135111	TBX3	TCGA-DLBC	1
ENSG00000134982	APC	TCGA-CHOL	1
ENSG00000134717	BTF3L4	TCGA-PCPG	1
ENSG00000134594	RAB33A	TCGA-BLCA	1
ENSG00000134508	CABLES1	TCGA-SARC	1
ENSG00000134343	ANO3	TCGA-BRCA	1
ENSG00000134323	MYCN	TCGA-GBM	1
ENSG00000134278	SPIRE1	TCGA-PAAD	1
ENSG00000134253	TRIM45	TCGA-PRAD	1
ENSG00000134250	NOTCH2	TCGA-HNSC	1
ENSG00000134250	NOTCH2	TCGA-DLBC	1
ENSG00000133980	VRTN	TCGA-SARC	1
ENSG00000133703	KRAS	TCGA-SKCM	1
ENSG00000133703	KRAS	TCGA-READ	1
ENSG00000133703	KRAS	TCGA-COAD	1
ENSG00000133703	KRAS	TCGA-CESC	1
ENSG00000133639	BTG1	TCGA-DLBC	1
ENSG00000133124	IRS4	TCGA-PAAD	1
ENSG00000132740	IGHMBP2	TCGA-DLBC	1
ENSG00000132286	TIMM10B	TCGA-MESO	1
ENSG00000131263	RLIM	TCGA-MESO	1
ENSG00000131019	ULBP3	TCGA-LUAD	1
ENSG00000130921	C12orf65	TCGA-PCPG	1
ENSG00000130830	MPP1	TCGA-BRCA	1
ENSG00000130706	ADRM1	TCGA-DLBC	1
ENSG00000130653	PNPLA7	TCGA-MESO	1
ENSG00000130643	CALY	TCGA-STAD	1
ENSG00000130590	SAMD10	TCGA-LUSC	1
ENSG00000130479	MAP1S	TCGA-LIHC	1
ENSG00000130340	SNX9	TCGA-BRCA	1
ENSG00000130037	KCNA5	TCGA-PAAD	1
ENSG00000130023	ERMARD	TCGA-SARC	1
ENSG00000130023	ERMARD	TCGA-BRCA	1
ENSG00000129988	LBP	TCGA-PCPG	1
ENSG00000129226	CD68	TCGA-PAAD	1
ENSG00000129204	USP6	TCGA-COAD	1
ENSG00000128833	MYO5C	TCGA-TGCT	1
ENSG00000128645	HOXD1	TCGA-MESO	1
ENSG00000127334	DYRK2	TCGA-BRCA	1
ENSG00000126903	SLC10A3	TCGA-DLBC	1
ENSG00000126756	UXT	TCGA-UCEC	1
ENSG00000126461	SCAF1	TCGA-GBM	1
ENSG00000126067	PSMB2	TCGA-BRCA	1
ENSG00000125651	GTF2F1	TCGA-PRAD	1
ENSG00000125508	SRMS	TCGA-PAAD	1
ENSG00000125503	PPP1R12C	TCGA-BRCA	1
ENSG00000125484	GTF3C4	TCGA-PAAD	1
ENSG00000125255	SLC10A2	TCGA-BRCA	1
ENSG00000124786	SLC35B3	TCGA-COAD	1
ENSG00000124688	MAD2L1BP	TCGA-KIRC	1
ENSG00000124659	TBCC	TCGA-BRCA	1
ENSG00000124596	OARD1	TCGA-BRCA	1
ENSG00000123975	CKS2	TCGA-LUSC	1
ENSG00000123933	MXD4	TCGA-LUAD	1
ENSG00000123171	CCDC70	TCGA-MESO	1
ENSG00000122643	NT5C3A	TCGA-LAML	1
ENSG00000122218	COPA	TCGA-CESC	1
ENSG00000121879	PIK3CA	TCGA-READ	1
ENSG00000121039	RDH10	TCGA-LGG	1
ENSG00000120669	SOHLH2	TCGA-STAD	1
ENSG00000120063	GNA13	TCGA-DLBC	1
ENSG00000119946	CNNM1	TCGA-HNSC	1
ENSG00000119725	ZNF410	TCGA-LGG	1
ENSG00000119231	SENP5	TCGA-PRAD	1
ENSG00000119138	KLF9	TCGA-PAAD	1
ENSG00000118946	PCDH17	TCGA-CHOL	1
ENSG00000118526	TCF21	TCGA-PRAD	1
ENSG00000118515	SGK1	TCGA-DLBC	1
ENSG00000118503	TNFAIP3	TCGA-DLBC	1
ENSG00000118271	TTR	TCGA-UCEC	1
ENSG00000118046	STK11	TCGA-CESC	1
ENSG00000117713	ARID1A	TCGA-LUSC	1
ENSG00000117713	ARID1A	TCGA-ESCA	1
ENSG00000117394	SLC2A1	TCGA-BRCA	1
ENSG00000117151	CTBS	TCGA-PAAD	1
ENSG00000116786	PLEKHM2	TCGA-UCEC	1
ENSG00000116128	BCL9	TCGA-COAD	1
ENSG00000116014	KISS1R	TCGA-PAAD	1
ENSG00000115761	NOL10	TCGA-BRCA	1
ENSG00000115760	BIRC6	TCGA-READ	1
ENSG00000115687	PASK	TCGA-PAAD	1
ENSG00000115524	SF3B1	TCGA-BLCA	1
ENSG00000115520	COQ10B	TCGA-LUAD	1
ENSG00000115289	PCGF1	TCGA-STAD	1
ENSG00000115073	ACTR1B	TCGA-DLBC	1
ENSG00000114859	CLCN2	TCGA-KIRC	1
ENSG00000113946	CLDN16	TCGA-PAAD	1
ENSG00000113722	CDX1	TCGA-LIHC	1
ENSG00000113593	PPWD1	TCGA-PCPG	1
ENSG00000113575	PPP2CA	TCGA-LUAD	1
ENSG00000113282	CLINT1	TCGA-BRCA	1
ENSG00000112186	CAP2	TCGA-MESO	1
ENSG00000111817	DSE	TCGA-ACC	1
ENSG00000111237	VPS29	TCGA-PCPG	1
ENSG00000110888	CAPRIN2	TCGA-UCS	1
ENSG00000110660	SLC35F2	TCGA-PAAD	1
ENSG00000110484	SCGB2A2	TCGA-BRCA	1
ENSG00000110395	CBL	TCGA-LAML	1
ENSG00000110074	FOXRED1	TCGA-PAAD	1
ENSG00000109670	FBXW7	TCGA-UCEC	1
ENSG00000109670	FBXW7	TCGA-READ	1
ENSG00000108465	CDK5RAP3	TCGA-UCS	1
ENSG00000108375	RNF43	TCGA-PAAD	1
ENSG00000108179	PPIF	TCGA-TGCT	1
ENSG00000108091	CCDC6	TCGA-READ	1
ENSG00000106819	ASPN	TCGA-BRCA	1
ENSG00000106789	CORO2A	TCGA-BRCA	1
ENSG00000106772	PRUNE2	TCGA-HNSC	1
ENSG00000106733	NMRK1	TCGA-PAAD	1
ENSG00000106211	HSPB1	TCGA-UCS	1
ENSG00000106080	FKBP14	TCGA-BRCA	1
ENSG00000106018	VIPR2	TCGA-UCEC	1
ENSG00000105671	DDX49	TCGA-LUSC	1
ENSG00000105613	MAST1	TCGA-LUAD	1
ENSG00000105472	CLEC11A	TCGA-LGG	1
ENSG00000105388	CEACAM5	TCGA-LUSC	1
ENSG00000104884	ERCC2	TCGA-BLCA	1
ENSG00000104765	BNIP3L	TCGA-BRCA	1
ENSG00000104442	ARMC1	TCGA-ACC	1
ENSG00000104388	RAB2A	TCGA-BRCA	1
ENSG00000104331	IMPAD1	TCGA-BRCA	1
ENSG00000103160	HSDL1	TCGA-TGCT	1
ENSG00000103023	PRSS54	TCGA-LAML	1
ENSG00000102805	CLN5	TCGA-KIRC	1
ENSG00000102554	KLF5	TCGA-CESC	1
ENSG00000102531	FNDC3A	TCGA-STAD	1
ENSG00000102387	TAF7L	TCGA-ACC	1
ENSG00000101951	PAGE4	TCGA-LUAD	1
ENSG00000101951	PAGE4	TCGA-LGG	1
ENSG00000101888	NXT2	TCGA-TGCT	1
ENSG00000101624	CEP76	TCGA-HNSC	1
ENSG00000101361	NOP56	TCGA-UCEC	1
ENSG00000101327	PDYN	TCGA-PCPG	1
ENSG00000101265	RASSF2	TCGA-SARC	1
ENSG00000100815	TRIP11	TCGA-BLCA	1
ENSG00000100626	GALNT16	TCGA-SARC	1
ENSG00000100503	NIN	TCGA-READ	1
ENSG00000100307	CBX7	TCGA-MESO	1
ENSG00000099814	CEP170B	TCGA-COAD	1
ENSG00000099338	CATSPERG	TCGA-BRCA	1
ENSG00000099326	MZF1	TCGA-BRCA	1
ENSG00000096968	JAK2	TCGA-LAML	1
ENSG00000096088	PGC	TCGA-ESCA	1
ENSG00000095015	MAP3K1	TCGA-READ	1
ENSG00000094880	CDC23	TCGA-MESO	1
ENSG00000092010	PSME1	TCGA-BRCA	1
ENSG00000090686	USP48	TCGA-LUSC	1
ENSG00000088970	PLK1S1	TCGA-ACC	1
ENSG00000088812	ATRN	TCGA-THCA	1
ENSG00000087460	GNAS	TCGA-READ	1
ENSG00000087460	GNAS	TCGA-PAAD	1
ENSG00000085719	CPNE3	TCGA-BLCA	1
ENSG00000085276	MECOM	TCGA-PRAD	1
ENSG00000085276	MECOM	TCGA-DLBC	1
ENSG00000084234	APLP2	TCGA-UCEC	1
ENSG00000083857	FAT1	TCGA-PAAD	1
ENSG00000083857	FAT1	TCGA-BLCA	1
ENSG00000083168	KAT6A	TCGA-KIRP	1
ENSG00000082781	ITGB5	TCGA-BRCA	1
ENSG00000081237	PTPRC	TCGA-SKCM	1
ENSG00000081026	MAGI3	TCGA-LAML	1
ENSG00000080298	RFX3	TCGA-BRCA	1
ENSG00000078061	ARAF	TCGA-CHOL	1
ENSG00000077721	UBE2A	TCGA-DLBC	1
ENSG00000076984	MAP2K7	TCGA-STAD	1
ENSG00000076201	PTPN23	TCGA-TGCT	1
ENSG00000076201	PTPN23	TCGA-BRCA	1
ENSG00000072803	FBXW11	TCGA-LUSC	1
ENSG00000070808	CAMK2A	TCGA-LUAD	1
ENSG00000070476	ZXDC	TCGA-MESO	1
ENSG00000068784	SRBD1	TCGA-UCEC	1
ENSG00000068078	FGFR3	TCGA-BLCA	1
ENSG00000067560	RHOA	TCGA-STAD	1
ENSG00000065911	MTHFD2	TCGA-PAAD	1
ENSG00000065802	ASB1	TCGA-BLCA	1
ENSG00000065559	MAP2K4	TCGA-PAAD	1
ENSG00000065559	MAP2K4	TCGA-CHOL	1
ENSG00000065526	SPEN	TCGA-PAAD	1
ENSG00000064393	HIPK2	TCGA-BLCA	1
ENSG00000062370	ZNF112	TCGA-LUAD	1
ENSG00000055609	KMT2C	TCGA-SKCM	1
ENSG00000054356	PTPRN	TCGA-LUSC	1
ENSG00000049167	ERCC8	TCGA-SARC	1
ENSG00000046889	PREX2	TCGA-DLBC	1
ENSG00000044524	EPHA3	TCGA-SKCM	1
ENSG00000044524	EPHA3	TCGA-ESCA	1
ENSG00000042317	SPATA7	TCGA-MESO	1
ENSG00000040731	CDH10	TCGA-PAAD	1
ENSG00000039068	CDH1	TCGA-DLBC	1
ENSG00000038532	CLEC16A	TCGA-PRAD	1
ENSG00000034510	TMSB10	TCGA-LUAD	1
ENSG00000023909	GCLM	TCGA-BRCA	1
ENSG00000014123	UFL1	TCGA-LGG	1
ENSG00000013375	PGM3	TCGA-PAAD	1
ENSG00000011590	ZBTB32	TCGA-SARC	1
ENSG00000008838	MED24	TCGA-HNSC	1
ENSG00000007402	CACNA2D2	TCGA-UVM	1
ENSG00000006704	GTF2IRD1	TCGA-PAAD	1
ENSG00000006451	RALA	TCGA-LUSC	1
ENSG00000005022	SLC25A5	TCGA-TGCT	1
ENSG00000004848	ARX	TCGA-CESC	1
ENSG00000003509	NDUFAF7	TCGA-UVM	1
ENSG00000000457	SCYL3	TCGA-PCPG	1
